state,honble_members_of_parliament,constituency,allocated_amount,total_sanction_amount,sanctioned_work_count,total_disbursed_amount,completed_work_count,utilization_rate,sanctioned_backlog,completion_ratio,has_no_activity,has_orphan_completions,at_risk,risk_score
Maharashtra,AASHTIKAR PATIL NAGESH BAPURAO,HINGOLI,190289442.0,0.0,0.0,996314.0,1.0,0.005235781814946937,-996314.0,0.0,0,1,1,86.5
Jammu And Kashmir,ABDUL RASHID SHEIKH,BARAMULLAH,154773472.11,0.0,0.0,1311297.0,3.0,0.008472362751337904,-1311297.0,0.0,0,1,1,80.8
Bihar,ABHAY KUMAR SINHA,AURANGABAD_BR,147000000.0,19965208.0,40.0,44424422.0,99.0,0.30220695238095235,-24459214.0,2.475,0,0,0,0.5
West Bengal,ABHIJIT GANGOPADHYAY,TAMLUK,147000000.0,6997450.0,16.0,8785121.78,24.0,0.05976273319727891,-1787671.7799999993,1.5,0,0,0,54.5
West Bengal,ABU TAHER KHAN,MURSHIDABAD,147000000.0,1500000.0,1.0,13059327.0,86.0,0.08883895918367347,-11559327.0,86.0,0,0,0,39.8
West Bengal,ADHIKARI SOUMENDU,KANTHI,147000000.0,0.0,0.0,4049172.0,3.0,0.02754538775510204,-4049172.0,0.0,0,1,1,72.0
Uttar Pradesh,ADITYA YADAV,BADAUN,147000000.0,0.0,0.0,22715224.0,31.0,0.15452533333333332,-22715224.0,0.0,0,1,0,13.6
Kerala,ADV ADOOR PRAKASH,ATTINGAL,147000000.0,0.0,0.0,4433429.0,18.0,0.03015938095238095,-4433429.0,0.0,0,1,0,70.8
Kerala,ADV DEAN KURIAKOSE,IDUKKI,147000000.0,21830148.0,71.0,1901729.0,9.0,0.012936931972789115,19928419.0,0.1267605633802817,0,0,1,74.9
Maharashtra,ADV GOWAAL KAGADA PADAVI,NANDURBAR(ST),147816309.11,1199000.0,1.0,0.0,0.0,0.0,1199000.0,0.0,0,0,1,82.5
Kerala,ADV K FRANCIS GEORGE,KOTTAYAM,188722256.11,0.0,0.0,1100000.0,1.0,0.005828671311341499,-1100000.0,0.0,0,1,1,86.1
Uttar Pradesh,AFZAL ANSARI,GHAZIPUR,220500000.0,12958272.0,14.0,27909397.0,24.0,0.1265732290249433,-14951125.0,1.7142857142857142,0,0,1,12.4
Jammu And Kashmir,AGA SYED RUHULLAH MEHDI,SRINAGAR,147000000.0,0.0,0.0,2473831.0,13.0,0.01682878231292517,-2473831.0,0.0,0,1,0,76.5
Uttarakhand,AJAY BHATT,NAINITAL UDHAM SINGH NAG.,147000000.0,0.0,0.0,2122887.0,7.0,0.014441408163265307,-2122887.0,0.0,0,1,0,77.4
Bihar,AJAY KUMAR MANDAL,BHAGALPUR,147000000.0,0.0,0.0,15015414.0,16.0,0.10214567346938776,-15015414.0,0.0,0,1,0,33.3
Uttarakhand,AJAY TAMTA,ALMORA(SC),147000000.0,0.0,0.0,1454574.0,2.0,0.009895061224489797,-1454574.0,0.0,0,1,1,79.1
Uttar Pradesh,AJENDRA SINGH LODHI,HAMIRPUR_UP,147000000.0,36030000.0,68.0,10668515.0,8.0,0.07257493197278912,25361485.0,0.11764705882352941,0,0,1,41.8
Uttar Pradesh,AKHILESH YADAV,KANNAUJ,147000000.0,0.0,0.0,2513353.0,7.0,0.017097639455782312,-2513353.0,0.0,0,1,1,76.4
Uttar Pradesh,AKSHAYA YADAV,FIROZABAD,147000000.0,48855158.0,20.0,87311813.0,37.0,0.5939579115646259,-38456655.0,1.85,0,0,0,0.0
Manipur,ALFRED KANNGAM S ARTHUR,OUTER MANIPUR(ST),147000000.0,0.0,0.0,27751963.0,14.0,0.18878886394557823,-27751963.0,0.0,0,1,1,6.9
Bihar,ALOK KUMAR SUMAN,GOPALGANJ (SC),147000000.0,1032374.0,1.0,5005807.0,4.0,0.03405310884353741,-3973433.0,4.0,0,0,1,68.9
Madhya Pradesh,ALOK SHARMA,BHOPAL,147000000.0,0.0,0.0,6080980.0,11.0,0.041367210884353744,-6080980.0,0.0,0,1,1,65.5
Maharashtra,AMAR SHARADRAO KALE,WARDHA,147000000.0,0.0,0.0,1000000.0,1.0,0.006802721088435374,-1000000.0,0.0,0,1,0,80.2
Assam,AMARSING TISSO,Diphu (ST),147000000.0,36682540.0,33.0,35164162.0,39.0,0.23921198639455782,1518378.0,1.1818181818181819,0,0,0,1.8
Andhra Pradesh,AMBICA G LAKSHMINARAYANA VALMIKI,ANANTAPUR,201899064.11,0.0,0.0,12113394.0,13.0,0.0599972766263062,-12113394.0,0.0,0,1,0,57.9
Maharashtra,AMOL RAMSING KOLHE,SHIRUR,147000000.0,9894820.0,11.0,10981459.0,11.0,0.07470380272108844,-1086639.0,1.0,0,0,0,45.7
Rajasthan,AMRARAM,SIKAR,165691544.11,290931.0,1.0,17545514.0,35.0,0.10589263377467113,-17254583.0,35.0,0,0,0,29.3
Punjab,AMRINDER SINGH RAJA WARRING,LUDHIANA,147000000.0,0.0,0.0,6907013.0,21.0,0.04698648299319728,-6907013.0,0.0,0,1,1,62.7
Uttar Pradesh,ANAND BHADAURIYA,DHAURAHRA,147000000.0,1000000.0,1.0,38721345.0,132.0,0.2634105102040816,-37721345.0,132.0,0,0,0,1.4
Uttar Pradesh,ANAND KUMAR,BAHRAICH(SC),147000000.0,0.0,0.0,37917124.0,30.0,0.25793961904761903,-37917124.0,0.0,0,1,0,1.6
Odisha,ANANTA NAYAK,KEONJHAR(ST),147000000.0,0.0,0.0,1150000.0,4.0,0.007823129251700681,-1150000.0,0.0,0,1,0,79.9
Tamil Nadu,ANDIMUTHU RAJA,NILGIRIS(SC),147000000.0,11594651.0,10.0,9362134.0,12.0,0.06368798639455782,2232517.0,1.2,0,0,1,51.4
Meghalaya,ANDREW J. SYNGKON,SHILLONG,98000000.0,0.0,0.0,17900000.0,47.0,0.1826530612244898,-17900000.0,0.0,0,1,1,16.2
Manipur,ANGOMCHA BIMOL AKOIJAM,INNER MANIPUR,147000000.0,0.0,0.0,41647094.0,17.0,0.28331356462585033,-41647094.0,0.0,0,1,0,0.9
Uttarakhand,ANIL BALUNI,GARHWAL,147000000.0,0.0,0.0,0.0,0.0,0.0,0.0,0.0,1,0,1,82.5
Maharashtra,ANIL YESHWANT DESAI,MUMBAI SOUTH CENTRAL,147000000.0,0.0,0.0,0.0,0.0,0.0,0.0,0.0,1,0,1,82.5
Madhya Pradesh,ANITA NAGARSINGH CHOUHAN,RATLAM(ST),147000000.0,0.0,0.0,13929920.0,23.0,0.09476136054421769,-13929920.0,0.0,0,1,1,37.0
Odisha,ANITA SUBHADARSHINI,ASKA,147000000.0,0.0,0.0,200000.0,1.0,0.0013605442176870747,-200000.0,0.0,0,1,1,82.1
Jharkhand,ANNPURNA DEVI,KODARMA,166665931.8,0.0,0.0,1100000.0,3.0,0.006600029100848311,-1100000.0,0.0,0,1,1,83.1
Uttar Pradesh,ANOOP PRADHAN BALMIKI,HATHRAS (SC),147000000.0,0.0,0.0,48281124.0,34.0,0.32844302040816326,-48281124.0,0.0,0,1,0,0.3
Kerala,ANTO ANTONY,PATHANAMTHITTA,147000000.0,29296292.0,81.0,2877759.0,12.0,0.019576591836734693,26418533.0,0.14814814814814814,0,0,0,70.8
Maharashtra,ANUP SANJAY DHOTRE,AKOLA,147000000.0,1883603.0,3.0,4100795.0,6.0,0.02789656462585034,-2217192.0,2.0,0,0,0,71.5
Uttar Pradesh,ANURAG SHARMA,JHANSI,147000000.0,498365.0,1.0,20119849.0,43.0,0.13686972108843537,-19621484.0,43.0,0,0,1,18.8
Himachal Pradesh,ANURAG SINGH THAKUR,HAMIRPUR_HP,149570117.11,0.0,0.0,4112700.0,24.0,0.02749680270006977,-4112700.0,0.0,0,1,1,72.4
Andhra Pradesh,APPALANAIDU KALISETTI,VIZIANAGARAM,147000000.0,0.0,0.0,3476943.0,8.0,0.023652673469387753,-3476943.0,0.0,0,1,1,73.7
Bihar,ARUN BHARTI,JAMUI(SC),194924621.11,0.0,0.0,588064.0,2.0,0.0030168790204709093,-588064.0,0.0,0,1,1,87.7
Uttar Pradesh,ARUN GOVIL,MEERUT,147000000.0,6845719.0,8.0,26677116.0,36.0,0.18147697959183673,-19831397.0,4.5,0,0,0,7.6
Tamil Nadu,ARUN NEHRU,PERAMBALUR,147000000.0,3460000.0,1.0,14670055.0,11.0,0.09979629251700681,-11210055.0,11.0,0,0,0,33.8
Telangana,ARUNA. D. K,MAHABUBNAGAR,147000000.0,0.0,0.0,13538501.0,51.0,0.0920986462585034,-13538501.0,0.0,0,1,0,38.4
West Bengal,ARUP CHAKRABORTY,BANKURA,147000000.0,15633815.0,4.0,0.0,0.0,0.0,15633815.0,0.0,0,0,1,80.6
Telangana,ARVIND DHARMAPURI,NIZAMABAD,281396355.11,43698330.0,116.0,98620805.0,296.0,0.3504693760565888,-54922475.0,2.5517241379310347,0,0,0,0.0
Maharashtra,ARVIND GANPAT SAWANT,MUMBAI SOUTH,147000000.0,26374739.0,17.0,0.0,0.0,0.0,26374739.0,0.0,0,0,1,79.3
Telangana,ASADUDDIN OWAISI,HYDERABAD,147000000.0,0.0,0.0,0.0,0.0,0.0,0.0,0.0,1,0,1,82.5
Madhya Pradesh,ASHISH DUBEY,JABALPUR,147000000.0,0.0,0.0,0.0,0.0,0.0,0.0,0.0,1,0,1,82.5
Uttar Pradesh,ASHOK KUMAR RAWAT,MISRIKH(SC),147000000.0,0.0,0.0,48614657.0,2.0,0.33071195238095236,-48614657.0,0.0,0,1,0,0.3
Bihar,ASHOK KUMAR YADAV,MADHUBANI,147000000.0,933991.0,1.0,31388186.0,58.0,0.21352507482993197,-30454195.0,58.0,0,0,0,4.1
West Bengal,ASIT KUMAR MAL,BOLPUR(SC),275694456.74,49876871.0,60.0,118965989.0,104.0,0.4315138955158377,-69089118.0,1.7333333333333334,0,0,0,0.0
Uttar Pradesh,ATUL GARG,GHAZIABAD,155336470.0,0.0,0.0,8740705.0,12.0,0.05626949678977512,-8740705.0,0.0,0,1,1,58.2
Odisha,AVIMANYU SETHI,BHADRAK(SC),147000000.0,0.0,0.0,1500000.0,3.0,0.01020408163265306,-1500000.0,0.0,0,1,0,79.0
Uttar Pradesh,AWADHESH PRASAD,FAIZABAD,147000000.0,14799623.0,11.0,36640594.0,27.0,0.24925574149659863,-21840971.0,2.4545454545454546,0,0,0,1.7
West Bengal,AZAD KIRTI JHA,BARDHAMAN-DURGAPUR,179658399.98,0.0,0.0,4774285.0,2.0,0.02657423755600342,-4774285.0,0.0,0,1,1,76.5
Andhra Pradesh,B K PARTHASARATHI,HINDUPUR,160491894.11,0.0,0.0,13448063.0,12.0,0.08379278638697349,-13448063.0,0.0,0,1,0,42.1
Uttar Pradesh,BABU SINGH KUSHWAHA,JAUNPUR,147000000.0,0.0,0.0,8529104.0,14.0,0.0580211156462585,-8529104.0,0.0,0,1,1,56.8
Maharashtra,BACHHAV SHOBHA DINESH,DHULE,147000000.0,2000000.0,2.0,5000000.0,5.0,0.034013605442176874,-3000000.0,2.5,0,0,0,68.7
West Bengal,BAG MITALI,ARAMBAG(SC),147000000.0,8842136.0,20.0,17617905.0,46.0,0.11984969387755103,-8775769.0,2.3,0,0,0,24.0
Odisha,BAIJAYANT PANDA,KENDRAPARA,147000000.0,0.0,0.0,0.0,0.0,0.0,0.0,0.0,1,0,1,82.5
Maharashtra,BAJRANG MANOHAR SONWANE,BEED,165899107.19,0.0,0.0,2591192.0,3.0,0.015619083453127776,-2591192.0,0.0,0,1,0,79.6
Odisha,BALABHADRA MAJHI,NABARANGPUR(ST),147413962.11,0.0,0.0,0.0,0.0,0.0,0.0,0.0,1,0,1,82.6
Andhra Pradesh,BALASHOWRY VALLABBHANENI,MACHILIPATNAM,147000000.0,3873283.0,6.0,299297.0,1.0,0.0020360340136054422,3573986.0,0.16666666666666666,0,0,1,81.4
Telangana,BALRAM NAIK PORIKA,MAHABUBABAD,147000000.0,0.0,0.0,10321959.0,47.0,0.07021740816326531,-10321959.0,0.0,0,1,0,50.2
Maharashtra,BALWANT BASWANT WANKHADE,AMRAVATI(SC),198293678.0,19841000.0,17.0,11174738.0,12.0,0.0563544844833631,8666262.0,0.7058823529411765,0,0,0,56.5
Maharashtra,BALYA MAMA SURESH GOPINATH MHATRE,BHIWANDI,147000000.0,0.0,0.0,0.0,0.0,0.0,0.0,0.0,1,0,1,82.5
Delhi,BANSURI SWARAJ,NEW DELHI,154306950.0,0.0,0.0,2536348.0,5.0,0.016437030218016752,-2536348.0,0.0,0,1,0,77.7
West Bengal,BAPI HALDAR,MATHURAPUR(SC),147000000.0,26183057.0,77.0,20734362.0,62.0,0.14105008163265306,5448695.0,0.8051948051948052,0,0,0,14.7
Karnataka,BASAVARAJ BOMMAI,HAVERI,147000000.0,0.0,0.0,9300000.0,12.0,0.06326530612244897,-9300000.0,0.0,0,1,0,54.0
Andhra Pradesh,BASTIPATI NAGARAJU PANCHALINGALA,KURNOOL,159998515.11,2998485.0,1.0,31793521.0,130.0,0.19871135040310686,-28795036.0,130.0,0,0,0,4.3
Rajasthan,BHAGIRATH CHAUDHARY,AJMER,147000000.0,1990231.0,4.0,12486258.0,21.0,0.0849405306122449,-10496027.0,5.25,0,0,0,41.7
Rajasthan,BHAJAN LAL JATAV,KARAULI-DHOLPUR(SC),147000000.0,0.0,0.0,498875.0,1.0,0.0033937074829931972,-498875.0,0.0,0,1,1,81.4
Madhya Pradesh,BHARAT SINGH KUSHWAH,GWALIOR,151455276.04,0.0,0.0,0.0,0.0,0.0,0.0,0.0,1,0,1,83.2
Gujarat,BHARATBHAI MANUBHAI SUTARIYA,AMRELI,147000000.0,0.0,0.0,14580355.0,43.0,0.09918608843537415,-14580355.0,0.0,0,1,0,34.7
Gujarat,BHARATSINHJI SHANKARJI DABHI,PATAN,147000000.0,2300000.0,5.0,25279040.0,79.0,0.17196625850340136,-22979040.0,15.8,0,0,0,9.5
Madhya Pradesh,BHARTI PARDHI,BALAGHAT,154398389.01,0.0,0.0,28900627.0,45.0,0.18718217971903955,-28900627.0,0.0,0,1,0,6.3
Maharashtra,BHASKAR MURLIDHAR BHAGARE,DINDORI(ST),147000000.0,0.0,0.0,0.0,0.0,0.0,0.0,0.0,1,0,1,82.5
Maharashtra,BHAUSAHEB RAJARAM WAKCHAURE,SHIRDI(SC),147000000.0,0.0,0.0,1499440.0,1.0,0.010200272108843538,-1499440.0,0.0,0,1,0,79.0
Chhattisgarh,BHOJRAJ NAG,KANKER(ST),164672734.11,0.0,0.0,11141429.0,16.0,0.06765800701746787,-11141429.0,0.0,0,1,1,51.8
Uttar Pradesh,BHOLA SINGH,BULANDSHAHR(SC),147000000.0,0.0,0.0,50167113.0,72.0,0.3412728775510204,-50167113.0,0.0,0,1,0,0.3
Maharashtra,BHUMARE SANDIPANRAO ASARAM,AURANGABAD_MH,147000000.0,0.0,0.0,7981975.0,4.0,0.054299149659863946,-7981975.0,0.0,0,1,0,58.8
Andhra Pradesh,BHUPATHIRAJU SRINIVASA VARMA,NARASAPURAM,147000000.0,0.0,0.0,0.0,0.0,0.0,0.0,0.0,1,0,1,82.5
Rajasthan,BHUPENDER YADAV,ALWAR,147000000.0,11973563.0,12.0,20464009.0,16.0,0.1392109455782313,-8490446.0,1.3333333333333333,0,0,0,16.7
Odisha,BIBHU PRASAD TARAI,JAGATSINGHPUR(SC),147000000.0,0.0,0.0,200000.0,1.0,0.0013605442176870747,-200000.0,0.0,0,1,1,82.1
Jharkhand,BIDYUT BARAN MAHATO,JAMSHEDPUR,147000000.0,0.0,0.0,1141000.0,2.0,0.0077619047619047615,-1141000.0,0.0,0,1,1,79.9
Assam,BIJULI KALITA MEDHI,GUWAHATI,147000000.0,28150000.0,40.0,6650000.0,5.0,0.04523809523809524,21500000.0,0.125,0,0,0,58.2
Tripura,BIPLAB KUMAR DEB,TRIPURA WEST,147000000.0,0.0,0.0,797534.0,1.0,0.005425401360544218,-797534.0,0.0,0,1,0,80.7
Andaman And Nicobar Islands,BISHNU PADA RAY,ANDAMAN AND NICOBAR ISLANDS,147000000.0,0.0,0.0,0.0,0.0,0.0,0.0,0.0,1,0,1,82.5
Rajasthan,BRIJENDRA SINGH OLA,JHUNJHUNU,147000000.0,7101494.0,14.0,14987655.0,32.0,0.10195683673469388,-7886161.0,2.2857142857142856,0,0,0,32.1
Chhattisgarh,BRIJMOHAN AGRAWAL,RAIPUR,153766451.11,4000000.0,4.0,19440948.0,25.0,0.12643166217117488,-15440948.0,6.25,0,0,1,21.1
Madhya Pradesh,BUNTY VIVEK SAHU,CHHINDWARA,147000000.0,0.0,0.0,15359130.0,85.0,0.10448387755102041,-15359130.0,0.0,0,1,0,32.1
Gujarat,C R PATIL,NAVSARI,158532494.36,500000.0,1.0,38682776.0,202.0,0.24400534512601607,-38182776.0,202.0,0,0,0,1.6
Andhra Pradesh,C.M.RAMESH,ANAKAPALLE,202531656.11,0.0,0.0,0.0,0.0,0.0,0.0,0.0,1,0,1,89.4
Karnataka,CAPTAIN BRIJESH CHOWTA,DAKSHINA KANNADA,147000000.0,0.0,0.0,11629421.0,28.0,0.07911170748299319,-11629421.0,0.0,0,1,0,45.3
Goa,CAPTAIN VIRIATO FERNANDES,SOUTH GOA,147000000.0,0.0,0.0,4709348.0,4.0,0.032036380952380955,-4709348.0,0.0,0,1,0,70.0
Telangana,CHAMALA KIRAN KUMAR REDDY,BHONGIR,147000000.0,0.0,0.0,50640708.0,397.0,0.34449461224489797,-50640708.0,0.0,0,1,0,0.2
Uttar Pradesh,CHANDAN CHAUHAN,BIJNOR,147000000.0,12578200.0,17.0,8894849.0,11.0,0.0605091768707483,3683351.0,0.6470588235294118,0,0,1,53.0
Rajasthan,CHANDRA PRAKASH JOSHI,CHITTORGARH,147000000.0,1652750.0,4.0,2046289.0,7.0,0.013920333333333333,-393539.0,1.75,0,0,1,77.4
Uttar Pradesh,CHANDRA SHEKHAR,NAGINA(SC),147000000.0,30242007.0,98.0,61564493.0,286.0,0.418806074829932,-31322486.0,2.9183673469387754,0,0,0,0.0
Gujarat,CHANDUBHAI CHHAGANBHAI SHIHORA,SURENDRANAGAR,147000000.0,0.0,0.0,15135945.0,38.0,0.10296561224489796,-15135945.0,0.0,0,1,0,32.9
Punjab,CHARANJIT SINGH CHANNI,JALANDHAR(SC),147000000.0,0.0,0.0,5289428.0,8.0,0.03598250340136054,-5289428.0,0.0,0,1,1,68.1
Maharashtra,CHAVAN VASANTRAO BALWANTRAO,NANDED,,0.0,0.0,0.0,0.0,,0.0,0.0,1,0,0,82.5
Uttar Pradesh,CHHATRA PAL SINGH GANGWAR,BAREILLY,147000000.0,0.0,0.0,45524582.0,65.0,0.3096910340136054,-45524582.0,0.0,0,1,0,0.5
Maharashtra,CHHATRAPATI SHAHU SHAHAJI,KOLHAPUR,147000000.0,0.0,0.0,1442064.0,2.0,0.009809959183673469,-1442064.0,0.0,0,1,0,79.2
Uttar Pradesh,CHHOTELAL,ROBERTSGANJ(SC),147000000.0,43060751.0,132.0,39772751.0,141.0,0.27056293197278913,3288000.0,1.0681818181818181,0,0,0,0.9
Chhattisgarh,CHINTAMANI MAHARAJ,SARGUJA(ST),147000000.0,9997500.0,10.0,21298936.0,62.0,0.14489072108843537,-11301436.0,6.2,0,0,0,15.3
Bihar,CHIRAG PASWAN,HAJIPUR(SC),147000000.0,0.0,0.0,0.0,0.0,0.0,0.0,0.0,1,0,1,82.5
Tamil Nadu,CN ANNADURAI,TIRUVANNAMALAI,148579509.11,10784912.0,17.0,30507811.0,81.0,0.20532986804670159,-19722899.0,4.764705882352941,0,0,0,4.4
Tamil Nadu,D M KATHIR ANAND,VELLORE,160196941.11,0.0,0.0,0.0,0.0,0.0,0.0,0.0,1,0,1,84.4
Tamil Nadu,D RAVIKUMAR,VILUPPURAM(SC),197598306.11,9467780.0,8.0,49593414.0,108.0,0.2509809672780904,-40125634.0,13.5,0,0,0,0.4
Andhra Pradesh,DAGGUBATI PURANDESHWARI,RAJAHMUNDRY,147000000.0,0.0,0.0,0.0,0.0,0.0,0.0,0.0,1,0,1,82.5
Andhra Pradesh,DAGGUMALLA PRASADA RAO,CHITTOOR,147000000.0,45341989.0,85.0,33830660.0,77.0,0.23014054421768707,11511329.0,0.9058823529411765,0,0,0,2.0
Rajasthan,DAMODAR AGARWAL,BHILWARA,147000000.0,1992229.0,4.0,8339394.0,17.0,0.05673057142857143,-6347165.0,4.25,0,0,1,57.1
Uttar Pradesh,DAROGA PRASAD SAROJ,LALGANJ (SC),147000000.0,0.0,0.0,13713339.0,32.0,0.09328802040816327,-13713339.0,0.0,0,1,1,37.7
Madhya Pradesh,DARSHAN SINGH CHOUDHARY,HOSHANGABAD,147000000.0,0.0,0.0,4499873.0,43.0,0.030611380952380952,-4499873.0,0.0,0,1,1,70.6
Haryana,DEEPENDER SINGH HOODA,ROHTAK,147000000.0,16235592.0,24.0,14578547.0,24.0,0.09917378911564625,1657045.0,1.0,0,0,0,31.9
Uttar Pradesh,DEVENDRA ALIAS BHOLE SINGH,AKBARPUR,147000000.0,0.0,0.0,34444341.0,56.0,0.23431524489795919,-34444341.0,0.0,0,1,0,2.7
Bihar,DEVESH CHANDRA THAKUR,SITAMARHI,163809205.11,0.0,0.0,12750000.0,49.0,0.07783445375635764,-12750000.0,0.0,0,1,1,45.5
Uttar Pradesh,DEVESH SHAKYA,ETAH,147000000.0,0.0,0.0,43562599.0,181.0,0.29634421088435375,-43562599.0,0.0,0,1,0,0.7
Gujarat,DEVUSINH JESINGBHAI CHAUHAN,KHEDA,147000000.0,450000.0,1.0,8691743.0,51.0,0.05912750340136055,-8241743.0,51.0,0,0,0,56.1
Maharashtra,DHAIRYASHEEL SAMBHAJIRAO MANE,HATKANANGLE,147000000.0,0.0,0.0,0.0,0.0,0.0,0.0,0.0,1,0,1,82.5
Maharashtra,DHANORKAR PRATIBHA SURESH ALIAS BALUBHAU,CHANDRAPUR,147000000.0,0.0,0.0,2415362.0,2.0,0.016431034013605444,-2415362.0,0.0,0,1,0,76.7
Odisha,DHARMENDRA PRADHAN,SAMBALPUR,147000000.0,0.0,0.0,0.0,0.0,0.0,0.0,0.0,1,0,1,82.5
Uttar Pradesh,DHARMENDRA YADAV,AZAMGARH,147000000.0,0.0,0.0,3875587.0,3.0,0.026364537414965986,-3875587.0,0.0,0,1,1,72.5
Gujarat,DHAVAL LAXMANBHAI PATEL,VALSAD(ST),147000000.0,0.0,0.0,3568885.0,8.0,0.02427812925170068,-3568885.0,0.0,0,1,1,73.4
Bihar,DILESHWAR KAMAIT,SUPAUL,150450930.89,32455384.0,27.0,54042614.0,41.0,0.3592042513815516,-21587230.0,1.5185185185185186,0,0,0,0.1
Assam,DILIP SAIKIA,Darrang-Udalguri,147000000.0,0.0,0.0,0.0,0.0,0.0,0.0,0.0,1,0,1,82.5
Bihar,DINESH CHANDRA YADAV,MADHEPURA,150070866.11,0.0,0.0,51583000.0,55.0,0.3437242773170265,-51583000.0,0.0,0,1,0,0.2
Gujarat,DINESHBHAI MAKWANA,AHMEDABAD WEST(SC),160434965.11,0.0,0.0,0.0,0.0,0.0,0.0,0.0,1,0,1,84.5
Andhra Pradesh,DR BYREDDY SHABARI,NANDYAL,150675889.11,0.0,0.0,7013828.0,19.0,0.046549106439183495,-7013828.0,0.0,0,1,0,63.2
Karnataka,DR C N MANJUNATH,BANGALORE RURAL,147000000.0,20797612.0,41.0,17210730.0,35.0,0.11707979591836734,3586882.0,0.8536585365853658,0,0,0,23.3
Andhra Pradesh,DR CHANDRA SEKHAR PEMMASANI,GUNTUR,159774113.11,0.0,0.0,0.0,0.0,0.0,0.0,0.0,1,0,1,84.4
Punjab,DR DHARAMVIRA GANDHI,PATIALA,147000000.0,530000.0,4.0,4058862.0,19.0,0.02761130612244898,-3528862.0,4.75,0,0,1,71.9
West Bengal,DR JAYANTA KUMAR ROY,JALPAIGURI(SC),147000000.0,0.0,0.0,0.0,0.0,0.0,0.0,0.0,1,0,1,82.5
Maharashtra,DR KALGE SHIVAJI BANDAPPA,LATUR(SC),147000000.0,14597787.0,16.0,7598320.0,10.0,0.05168925170068027,6999467.0,0.625,0,0,0,57.4
Bihar,DR MOHAMMAD JAWED,KISHANGANJ,148669229.11,26952000.0,42.0,46425000.0,72.0,0.3122704024088956,-19473000.0,1.7142857142857142,0,0,0,0.4
Uttar Pradesh,DR RAJKUMAR SANGWAN,BAGHPAT,147000000.0,0.0,0.0,0.0,0.0,0.0,0.0,0.0,1,0,1,82.5
Tamil Nadu,DR RANI SRI KUMAR,TENKASI(SC),153060922.82,14942527.0,6.0,45019695.0,39.0,0.29412925370209136,-30077168.0,6.5,0,0,0,0.5
Kerala,DR SHASHI THAROOR,THIRUVANANTHAPURAM,147000000.0,0.0,0.0,11114272.0,12.0,0.0756072925170068,-11114272.0,0.0,0,1,0,47.2
West Bengal,DR SUKANTA MAJUMDAR,BALURGHAT,157085364.9,1902957.0,2.0,3002015.0,3.0,0.019110723662328903,-1099058.0,1.5,0,0,1,76.7
Gujarat,DR. HEMANG JOSHI,VADODARA,147000000.0,10206868.0,9.0,14911868.0,28.0,0.10144127891156463,-4705000.0,3.111111111111111,0,0,0,31.8
Maharashtra,DR. HEMANT VISHNU SAVARA,PALGHAR(ST),147000000.0,0.0,0.0,0.0,0.0,0.0,0.0,0.0,1,0,1,82.5
Maharashtra,DR. KIRSAN NAMDEO,GADCHIROLI-CHIMUR(ST),147000000.0,0.0,0.0,0.0,0.0,0.0,0.0,0.0,1,0,1,82.5
Madhya Pradesh,DR. LATA WANKHEDE,SAGAR,147000000.0,6722630.0,4.0,59726410.0,67.0,0.4063021088435374,-53003780.0,16.75,0,0,0,0.1
Kerala,DR. M.P ABDUSSAMAD SAMADANI,PONNANI,170434031.11,0.0,0.0,0.0,0.0,0.0,0.0,0.0,1,0,1,85.8
Gujarat,DR. MANSUKH MANDAVIYA,PORBANDAR,147000000.0,0.0,0.0,2800000.0,8.0,0.01904761904761905,-2800000.0,0.0,0,1,1,75.6
Karnataka,DR. PRABHA MALLIKARJUN,DAVANAGERE,147000000.0,0.0,0.0,4800000.0,4.0,0.0326530612244898,-4800000.0,0.0,0,1,1,69.7
Odisha,DR. PRADEEP KUMAR PANIGRAHY,BERHAMPUR,147000000.0,0.0,0.0,0.0,0.0,0.0,0.0,0.0,1,0,1,82.5
Maharashtra,DR. PRASHANT YADAORAO PADOLE,BHANDARA-GONDIYA,159680283.39,0.0,0.0,0.0,0.0,0.0,0.0,0.0,1,0,1,84.3
Punjab,DR. RAJ KUMAR CHABBEWAL,HOSHIARPUR(SC),147000000.0,8500000.0,36.0,21031839.0,51.0,0.14307373469387755,-12531839.0,1.4166666666666667,0,0,0,15.9
Madhya Pradesh,DR. RAJESH MISHRA,SIDHI,262724510.35,4900000.0,11.0,119505995.0,151.0,0.454871891628211,-114605995.0,13.727272727272727,0,0,0,0.0
Uttar Pradesh,DR. S P SINGH,PRATAPGARH,147000000.0,0.0,0.0,10629416.0,30.0,0.07230895238095238,-10629416.0,0.0,0,1,1,49.0
West Bengal,DR. SHARMILA SARKAR,BARDHAMAN PURBA(SC),147000000.0,0.0,0.0,8260391.0,9.0,0.05619313605442177,-8260391.0,0.0,0,1,1,57.8
Karnataka,DR.K.SUDHAKAR,CHIKBALLAPUR,147000000.0,0.0,0.0,6545543.0,16.0,0.044527503401360545,-6545543.0,0.0,0,1,0,63.9
Telangana,DR.MALLU RAVI,NAGARKURNOOL(SC),147000000.0,0.0,0.0,11833531.0,44.0,0.08050021088435375,-11833531.0,0.0,0,1,0,44.5
Jharkhand,DULU MAHATO,DHANBAD,147000000.0,0.0,0.0,19445000.0,52.0,0.13227891156462585,-19445000.0,0.0,0,1,0,20.5
Tamil Nadu,DURAI VAIKO,TIRUCHIRAPPALLI,147000000.0,0.0,0.0,4148692.0,6.0,0.02822239455782313,-4148692.0,0.0,0,1,1,71.7
Madhya Pradesh,DURGA DAS UIKEY,BETUL(ST),151569502.91,31309502.0,137.0,42762147.0,176.0,0.282128965121642,-11452645.0,1.2846715328467153,0,0,0,0.6
Rajasthan,DUSHYANT SINGH,JHALAWAR-BARAN,147000000.0,0.0,0.0,0.0,0.0,0.0,0.0,0.0,1,0,1,82.5
Karnataka,E. TUKARAM,BELLARY(ST),147000000.0,0.0,0.0,0.0,0.0,0.0,0.0,0.0,1,0,1,82.5
Kerala,E.T. MOHAMMED BASHEER,MALAPPURAM,163895872.11,0.0,0.0,0.0,0.0,0.0,0.0,0.0,1,0,1,84.9
Telangana,EATALA RAJENDER,MALKAJGIRI,327477390.86,1500000.0,1.0,2123194.0,4.0,0.006483482705246322,-623194.0,4.0,0,0,1,95.8
Tamil Nadu,ESWARASAMY K,POLLACHI,162315106.11,0.0,0.0,8127235.0,12.0,0.050070724745066054,-8127235.0,0.0,0,1,1,62.2
Madhya Pradesh,FAGGAN SINGH KULASTE,MANDLA(ST),151861648.41,0.0,0.0,13691160.0,26.0,0.0901554812775129,-13691160.0,0.0,0,1,1,39.0
Karnataka,G. KUMAR NAIK,RAICHUR(ST),147000000.0,0.0,0.0,3479729.0,4.0,0.023671625850340137,-3479729.0,0.0,0,1,1,73.7
Maharashtra,GAIKWAD VARSHA EKNATH,MUMBAI NORTH-CENTRAL,147000000.0,0.0,0.0,0.0,0.0,0.0,0.0,0.0,1,0,1,82.5
Madhya Pradesh,GAJENDRA SINGH PATEL,KHARGONE(ST),147000000.0,18584057.0,39.0,22918271.0,91.0,0.15590660544217688,-4334214.0,2.3333333333333335,0,0,0,11.7
Rajasthan,GAJENDRA SINGH SHEKHAWAT,JODHPUR,147000000.0,0.0,0.0,0.0,0.0,0.0,0.0,0.0,1,0,1,82.5
Tamil Nadu,GANAPATHY RAJKUMAR P,COIMBATORE,147370490.11,0.0,0.0,3000000.0,1.0,0.0203568570462156,-3000000.0,0.0,0,1,1,75.1
Tamil Nadu,GANESAN SELVAM,KANCHEEPURAM(SC),186508749.11,28743191.0,41.0,35108468.0,94.0,0.18824032742449825,-6365277.0,2.292682926829268,0,0,0,2.9
Madhya Pradesh,GANESH SINGH,SATNA,147000000.0,0.0,0.0,10814565.0,56.0,0.0735684693877551,-10814565.0,0.0,0,1,1,48.3
Assam,GAURAV GOGOI,JORHAT,147000000.0,0.0,0.0,5107837.0,19.0,0.03474719047619047,-5107837.0,0.0,0,1,0,68.7
Gujarat,GENIBEN NAGAJI THAKOR,BANASKANTHA,147000000.0,0.0,0.0,1700000.0,5.0,0.011564625850340135,-1700000.0,0.0,0,1,1,78.5
Bihar,GIRIDHARI YADAV,BANKA,147000000.0,20074735.0,16.0,56432842.0,44.0,0.3838968843537415,-36358107.0,2.75,0,0,0,0.1
Bihar,GIRIRAJ SINGH,BEGUSARAI,147000000.0,0.0,0.0,4066384.0,3.0,0.027662476190476192,-4066384.0,0.0,0,1,1,72.0
Andhra Pradesh,GM HARISH BALAYOGI,AMALAPURAM(SC),147000000.0,3507771.0,1.0,5464016.0,4.0,0.0371701768707483,-1956245.0,4.0,0,0,0,66.9
Telangana,GODAM NAGESH,ADILABAD(ST),147000000.0,0.0,0.0,769629.0,3.0,0.005235571428571429,-769629.0,0.0,0,1,1,80.8
Tamil Nadu,GOPINATH K,KRISHNAGIRI,147000000.0,0.0,0.0,0.0,0.0,0.0,0.0,0.0,1,0,1,82.5
Karnataka,GOVIND MAKTHAPPA KARJOL,CHITRADURGA(SC),147000000.0,0.0,0.0,0.0,0.0,0.0,0.0,0.0,1,0,1,82.5
Andhra Pradesh,GUMMA THANUJA RANI,ARAKU(ST),149458905.11,0.0,0.0,13859433.0,9.0,0.09273072748525502,-13859433.0,0.0,0,1,0,37.8
Punjab,GURMEET SINGH MEET HAYER,SANGRUR,147000000.0,3149434.0,19.0,2879450.0,17.0,0.019588095238095238,269984.0,0.8947368421052632,0,0,1,74.9
Madhya Pradesh,GYANESHWAR PATIL,KHANDWA,155690684.77,24731533.0,87.0,19756470.0,74.0,0.12689564587108085,4975063.0,0.8505747126436781,0,0,0,18.1
Karnataka,H.D. KUMARASWAMY,MANDYA,147000000.0,0.0,0.0,3000000.0,6.0,0.02040816326530612,-3000000.0,0.0,0,1,1,75.1
Uttar Pradesh,HARENDRA SINGH MALIK,MUZAFFARNAGAR,147000000.0,24660318.0,46.0,11902704.0,20.0,0.08097077551020408,12757614.0,0.43478260869565216,0,0,1,39.5
Gujarat,HARIBHAI PATEL,MAHESANA,147000000.0,0.0,0.0,11921083.0,66.0,0.08109580272108843,-11921083.0,0.0,0,1,0,44.2
Rajasthan,HARISH CHANDRA MEENA,TONK-SAWAI MADHOPUR,147000000.0,0.0,0.0,0.0,0.0,0.0,0.0,0.0,1,0,1,82.5
Delhi,HARSH MALHOTRA,EAST DELHI,147134131.0,4381997.0,6.0,3046000.0,4.0,0.02070219859455995,1335997.0,0.6666666666666666,0,0,0,74.3
Gujarat,HASMUKH BHAI SOMA BHAI PATEL,AHMEDABAD EAST,147000000.0,1999505.0,2.0,3200000.0,5.0,0.021768707482993196,-1200495.0,2.5,0,0,1,74.2
Uttar Pradesh,IMRAN MASOOD,SAHARANPUR,147000000.0,0.0,0.0,22142862.0,25.0,0.15063171428571429,-22142862.0,0.0,0,1,1,14.7
Sikkim,INDRA HANG SUBBA,SIKKIM,152003923.11,28578159.0,14.0,45817577.0,20.0,0.30142364790705695,-17239418.0,1.4285714285714286,0,0,1,0.4
Uttar Pradesh,IQRA CHOUDHARY,KAIRANA,147000000.0,0.0,0.0,0.0,0.0,0.0,0.0,0.0,1,0,1,82.5
West Bengal,ISHA KHAN CHOUDHURY,MALDAHA DAKSHIN,147000000.0,0.0,0.0,6525848.0,19.0,0.044393523809523806,-6525848.0,0.0,0,1,1,64.0
West Bengal,JAGADISH CHANDRA BARMA BASUNIA,COOCHBEHAR(SC),168604641.11,20535060.0,35.0,0.0,0.0,0.0,20535060.0,0.0,0,0,1,83.4
Karnataka,JAGADISH SHETTAR,BELGAUM,147000000.0,0.0,0.0,0.0,0.0,0.0,0.0,0.0,1,0,1,82.5
West Bengal,JAGANNATH SARKAR,RANAGHAT(SC),147000000.0,0.0,0.0,11074333.0,25.0,0.07533559863945578,-11074333.0,0.0,0,1,0,47.4
Uttar Pradesh,JAGDAMBIKA PAL,DOMARIYAGANJ,160643957.11,0.0,0.0,0.0,0.0,0.0,0.0,0.0,1,0,1,84.5
Haryana,JAI PARKASH,HISAR,147000000.0,0.0,0.0,10216956.0,46.0,0.06950310204081632,-10216956.0,0.0,0,1,0,50.6
Uttar Pradesh,JAI PRAKASH,HARDOI (SC),147000000.0,28685171.0,5.0,9711274.0,2.0,0.06606308843537415,18973897.0,0.4,0,0,1,46.7
Madhya Pradesh,JANARDAN MISHRA,REWA,147000000.0,0.0,0.0,1125327.0,1.0,0.007655285714285714,-1125327.0,0.0,0,1,1,79.9
Gujarat,JASHUBHAI BHILUBHAI RATHVA,CHHOTA UDAIPUR(ST),147000000.0,0.0,0.0,1690925.0,4.0,0.011502891156462585,-1690925.0,0.0,0,1,1,78.5
Gujarat,JASWANTSINH SUMANBHAI BHABHOR,DAHOD(ST),147000000.0,39185188.0,119.0,5694800.0,18.0,0.03874013605442177,33490388.0,0.15126050420168066,0,0,1,59.5
Bihar,JITAN RAM MANJHI,GAYA (SC),147000000.0,0.0,0.0,4555011.0,4.0,0.0309864693877551,-4555011.0,0.0,0,1,1,70.5
Uttar Pradesh,JITENDRA KUMAR DOHARE,ETAWAH(SC),188747306.26,0.0,0.0,19282469.0,70.0,0.10216023413567736,-19282469.0,0.0,0,1,1,29.0
Jammu And Kashmir,JITENDRA SINGH,UDHAMPUR,147000000.0,0.0,0.0,15177733.0,79.0,0.1032498843537415,-15177733.0,0.0,0,1,0,32.7
Uttar Pradesh,JITIN PRASADA,PILIBHIT,147000000.0,0.0,0.0,0.0,0.0,0.0,0.0,0.0,1,0,1,82.5
Jharkhand,JOBA MAJHI,SINGHBHUM(ST),147000000.0,0.0,0.0,0.0,0.0,0.0,0.0,0.0,1,0,1,82.5
Assam,JOYANTA BASUMATARY,KOKRAJHAR (ST),147000000.0,0.0,0.0,2996273.0,3.0,0.020382809523809525,-2996273.0,0.0,0,1,1,75.1
West Bengal,JUNE MALIAH,MEDINIPUR,147000000.0,0.0,0.0,6064803.0,4.0,0.041257163265306124,-6064803.0,0.0,0,1,1,65.6
Madhya Pradesh,JYOTIRADITYA M. SCINDIA,GUNA,147000000.0,6471000.0,12.0,39606242.0,41.0,0.2694302176870748,-33135242.0,3.4166666666666665,0,0,0,1.2
Chhattisgarh,JYOTSNA CHARANDAS MAHANT,KORBA,155153738.11,25270232.0,76.0,34478812.0,101.0,0.22222353402504172,-9208580.0,1.3289473684210527,0,0,0,2.4
Tamil Nadu,K E PRAKASH,ERODE,147000000.0,1700000.0,1.0,31746262.0,66.0,0.21596096598639455,-30046262.0,66.0,0,0,0,3.9
Kerala,K RADHAKRISHNAN,ALATHUR(SC),147000000.0,2871509.0,1.0,9749552.0,6.0,0.06632348299319728,-6878043.0,6.0,0,0,0,51.7
Tamil Nadu,K SUBBARAYAN,TIRUPPUR,147000000.0,39914923.0,30.0,26467325.0,28.0,0.1800498299319728,13447598.0,0.9333333333333333,0,0,0,6.1
Kerala,K. C VENUGOPAL,ALAPPUZHA,147000000.0,15317788.0,11.0,2813746.0,7.0,0.01914112925170068,12504042.0,0.6363636363636364,0,0,0,73.3
Karnataka,K. RAJASHEKAR BASAVARAJ HITNAL,KOPPAL,147000000.0,0.0,0.0,19874143.0,33.0,0.13519825170068028,-19874143.0,0.0,0,1,0,19.4
Telangana,KADIYAM KAVYA,WARANGEL(SC),147000000.0,0.0,0.0,3978711.0,11.0,0.027066061224489797,-3978711.0,0.0,0,1,1,72.2
West Bengal,KAKOLI GHOSH DASTIDAR,BARASAT,147000000.0,28571271.0,40.0,19645396.0,55.0,0.13364214965986396,8925875.0,1.375,0,0,0,16.6
The Dadra And Nagar Haveli And Daman And Diu,KALABEN MOHANBHAI DELKAR,DADRA & NAGAR HAVELI (ST),147000000.0,0.0,0.0,0.0,0.0,0.0,0.0,0.0,1,0,1,82.5
Tamil Nadu,KALANIDHI VEERASWAMY,CHENNAI NORTH,171500000.0,0.0,0.0,15096280.0,10.0,0.08802495626822157,-15096280.0,0.0,0,1,0,39.0
Jharkhand,KALI CHARAN MUNDA,KHUNTI(ST),147000000.0,48308000.0,78.0,19500000.0,31.0,0.1326530612244898,28808000.0,0.3974358974358974,0,0,0,14.8
Jharkhand,KALI CHARAN SINGH,CHATRA,147000000.0,0.0,0.0,0.0,0.0,0.0,0.0,0.0,1,0,1,82.5
West Bengal,KALIPADA SAREN,JHARGRAM(ST),147000000.0,13789827.0,4.0,33581317.0,17.0,0.22844433333333333,-19791490.0,4.25,0,0,0,2.7
West Bengal,KALYAN BANERJEE,SREERAMPUR,147000000.0,3775900.0,5.0,27992945.0,45.0,0.19042819727891155,-24217045.0,9.0,0,0,0,6.5
Maharashtra,KALYAN VAIJINATHRAO KALE,JALNA,147000000.0,0.0,0.0,4437689.0,4.0,0.030188360544217686,-4437689.0,0.0,0,1,0,70.8
Assam,KAMAKHYA PRASAD TASA,Kaziranga,147000000.0,0.0,0.0,0.0,0.0,0.0,0.0,0.0,1,0,1,82.5
Delhi,KAMALJEET SEHRAWAT,WEST DELHI,147000000.0,0.0,0.0,649322.0,1.0,0.004417156462585034,-649322.0,0.0,0,1,1,81.1
Chhattisgarh,KAMLESH JANGDE,JANJGIR CHAMPA(SC),150384382.11,44571636.0,54.0,52015473.0,69.0,0.34588347719481144,-7443837.0,1.2777777777777777,0,0,0,0.1
Uttar Pradesh,KAMLESH PASWAN,BANSGAON(SC),147000000.0,0.0,0.0,0.0,0.0,0.0,0.0,0.0,1,0,1,82.5
Himachal Pradesh,KANGANA RANAUT,MANDI,147000000.0,7008155.0,11.0,7810538.0,26.0,0.05313291156462585,-802383.0,2.3636363636363638,0,0,1,58.1
Tamil Nadu,KANI K NAVAS,RAMANATHAPURAM,147000000.0,0.0,0.0,4696080.0,7.0,0.03194612244897959,-4696080.0,0.0,0,1,1,70.0
Tamil Nadu,KANIMOZHI KARUNANIDHI,THOOTHUKKUDI,147000000.0,0.0,0.0,13088348.0,7.0,0.08903638095238095,-13088348.0,0.0,0,1,0,40.0
Uttar Pradesh,KANWAR SINGH TANWAR,AMROHA,147000000.0,16911131.0,16.0,43900686.0,41.0,0.2986441224489796,-26989555.0,2.5625,0,0,0,0.6
Uttar Pradesh,KARAN BHUSHAN SINGH,KAISERGANJ,147000000.0,26454989.0,18.0,22893876.0,16.0,0.15574065306122448,3561113.0,0.8888888888888888,0,0,0,11.1
West Bengal,KARTICK CHANDRA PAUL,RAIGANJ,202677986.56,0.0,0.0,0.0,0.0,0.0,0.0,0.0,1,0,1,89.5
Bihar,KAUSHALENDRA KUMAR,NALANDA,147000000.0,0.0,0.0,0.0,0.0,0.0,0.0,0.0,1,0,1,82.5
West Bengal,KHAGEN MURMU,MALDAHA UTTAR,147000000.0,0.0,0.0,739817.0,1.0,0.005032768707482993,-739817.0,0.0,0,1,1,80.8
West Bengal,KHALILUR RAHAMAN,JANGIPUR,147000000.0,0.0,0.0,0.0,0.0,0.0,0.0,0.0,1,0,1,82.5
Andhra Pradesh,KINJARAPU RAM MOHAN NAIDU,SRIKAKULAM,171200630.11,0.0,0.0,6091278.0,13.0,0.03557976390674629,-6091278.0,0.0,0,1,1,71.0
Arunachal Pradesh,KIREN RIJIJU,ARUNACHAL WEST,147000000.0,0.0,0.0,0.0,0.0,0.0,0.0,0.0,1,0,1,82.5
Uttar Pradesh,KIRTI VARDHAN SINGH,GONDA,147000000.0,0.0,0.0,28870477.0,33.0,0.19639780272108845,-28870477.0,0.0,0,1,0,5.9
Telangana,KISHAN REDDY GANGAPURAM,SECUNDERABAD,147000000.0,0.0,0.0,0.0,0.0,0.0,0.0,0.0,1,0,1,82.5
Uttar Pradesh,KISHORI LAL,AMETHI,171500000.0,0.0,0.0,7687039.0,12.0,0.04482238483965015,-7687039.0,0.0,0,1,1,65.9
Telangana,KONDA VISHWESHWAR REDDY,CHELVELLA,233721420.96,0.0,0.0,14752821.0,66.0,0.06312139015501217,-14752821.0,0.0,0,1,0,56.4
Karnataka,KOTA SRINIVAS POOJARY,UDUPI CHIKMAGALUR,147000000.0,0.0,0.0,4841068.0,12.0,0.03293243537414966,-4841068.0,0.0,0,1,0,69.6
Assam,KRIPANATH MALLAH,KARIMGANJ (SC),147000000.0,0.0,0.0,0.0,0.0,0.0,0.0,0.0,1,0,1,82.5
Haryana,KRISHAN PAL GURJAR,FARIDABAD,147000000.0,0.0,0.0,0.0,0.0,0.0,0.0,0.0,1,0,1,82.5
Uttar Pradesh,KRISHNA DEVI SHIVSHANKER PATEL,BANDA,147000000.0,24187423.12,92.0,42829408.12,186.0,0.2913565178231292,-18641984.999999996,2.0217391304347827,0,0,0,0.6
Andhra Pradesh,KRISHNA PRASAD TENNETI,BAPATLA,167796849.11,0.0,0.0,0.0,0.0,0.0,0.0,0.0,1,0,1,85.4
Tripura,KRITI DEVI DEBBARMAN,TRIPURA EAST(ST),147000000.0,0.0,0.0,0.0,0.0,0.0,0.0,0.0,1,0,1,82.5
Rajasthan,KULDEEP INDORA,GANGANAGAR(SC),147000000.0,0.0,0.0,0.0,0.0,0.0,0.0,0.0,1,0,1,82.5
Telangana,KUNDURU RAGHUVEER,NALGONDA,162952022.0,0.0,0.0,3870000.0,1.0,0.023749321748213717,-3870000.0,0.0,0,1,1,75.8
Uttar Pradesh,LALJI VERMA,AMBEDKAR NAGAR,147000000.0,32618406.0,41.0,32340609.0,43.0,0.22000414285714287,277797.0,1.048780487804878,0,0,0,2.8
Andhra Pradesh,LAVU SRI KRISHNA DEVARAYALU,NARASARAOPET,174009663.11,416758.0,1.0,0.0,0.0,0.0,416758.0,0.0,0,0,1,86.2
Uttar Pradesh,LAXMIKANT PAPPU NISHAD,SANT KABIR NAGAR,147000000.0,0.0,0.0,1998365.0,2.0,0.013594319727891156,-1998365.0,0.0,0,1,1,77.8
Bihar,LOVELY ANAND,SHEOHAR,147000000.0,0.0,0.0,9500000.0,10.0,0.06462585034013606,-9500000.0,0.0,0,1,1,53.2
Rajasthan,LUMBARAM,JALORE,147000000.0,0.0,0.0,18118187.0,25.0,0.12325297278911565,-18118187.0,0.0,0,1,0,23.9
Karnataka,M. MALLESH BABU,KOLAR(SC),147065957.11,0.0,0.0,3493016.0,3.0,0.023751356660925618,-3493016.0,0.0,0,1,1,73.7
Tamil Nadu,M.K. VISHNUPRASAD,CUDDALORE,147000000.0,0.0,0.0,30781752.0,36.0,0.20939967346938776,-30781752.0,0.0,0,1,0,4.5
Andhra Pradesh,MADDILA GURUMOORTHY,TIRUPATI(SC),180399007.0,2434125.0,4.0,20010470.0,37.0,0.11092339327566254,-17576345.0,9.25,0,0,0,24.8
Telangana,MADHAVANENI RAGHUNANDAN RAO,MEDAK,147000000.0,1250000.0,1.0,5159597.0,11.0,0.03509929931972789,-3909597.0,11.0,0,0,0,68.3
Andhra Pradesh,MAGUNTA SREENIVASULU REDDY,ONGOLE,147000000.0,0.0,0.0,0.0,0.0,0.0,0.0,0.0,1,0,1,82.5
Madhya Pradesh,MAHENDRA SINGH SOLANKY,DEWAS(SC),147000000.0,0.0,0.0,2500000.0,4.0,0.017006802721088437,-2500000.0,0.0,0,1,1,76.4
Chhattisgarh,MAHESH KASHYAP,BASTAR(ST),147000000.0,5028910.0,9.0,13351284.0,30.0,0.0908250612244898,-8322374.0,3.3333333333333335,0,0,1,38.1
Uttar Pradesh,MAHESH SHARMA,GAUTAM BUDDHA NAGAR,148816284.11,26961651.28,28.0,57908132.0,68.0,0.38912496939646907,-30946480.72,2.4285714285714284,0,0,0,0.1
Rajasthan,MAHIMA KUMARI MEWAR,RAJSAMAND,183892143.0,0.0,0.0,11685721.0,12.0,0.06354660296715342,-11685721.0,0.0,0,1,0,54.8
Uttarakhand,MALA RAJYA LAXMI SHAH,TEHRI GARHWAL,147000000.0,0.0,0.0,6441630.0,6.0,0.04382061224489796,-6441630.0,0.0,0,1,0,64.3
West Bengal,MALA ROY,KOLKATA DAKSHIN,147000000.0,9230343.0,8.0,23842883.0,26.0,0.16219648299319728,-14612540.0,3.25,0,0,0,11.0
Tamil Nadu,MALAIYARASAN D,KALLAKURICHI,196416465.0,0.0,0.0,59987062.0,79.0,0.3054075023700279,-59987062.0,0.0,0,1,0,0.1
Odisha,MALVIKA DEVI,KALAHANDI,147000000.0,11798000.0,27.0,16398000.0,45.0,0.11155102040816327,-4600000.0,1.6666666666666667,0,0,0,27.0
Punjab,MALVINDER SINGH KANG,ANANDPUR SAHIB,147000000.0,8018662.0,18.0,20026506.0,49.0,0.13623473469387756,-12007844.0,2.7222222222222223,0,0,0,18.1
Tamil Nadu,MANI. A.,DHARAMAPURI,164515071.11,0.0,0.0,11678720.0,13.0,0.07098875453295848,-11678720.0,0.0,0,1,1,49.7
Tamil Nadu,MANICKAM TAGORE B,VIRUDHUNAGAR,147000000.0,19885018.0,15.0,19893129.0,15.0,0.1353274081632653,-8111.0,1.0,0,0,0,17.0
Jharkhand,MANISH JAISWAL,HAZARIBAGH,147000000.0,0.0,0.0,0.0,0.0,0.0,0.0,0.0,1,0,1,82.5
Chandigarh,MANISH TEWARI,CHANDIGARH,178351443.75,0.0,0.0,9244843.0,20.0,0.05183497708579665,-9244843.0,0.0,0,1,1,62.2
Rajasthan,MANJU SHARMA,JAIPUR,167082901.11,4058307.0,3.0,6461332.0,6.0,0.038671413753739795,-2403025.0,2.0,0,0,1,68.2
Rajasthan,MANNA LAL RAWAT,UDAIPUR(ST),147000000.0,3092187.0,4.0,23154173.0,19.0,0.15751138095238096,-20061986.0,4.75,0,0,0,12.6
Haryana,MANOHAR LAL,KARNAL,147000000.0,0.0,0.0,0.0,0.0,0.0,0.0,0.0,1,0,1,82.5
Bihar,MANOJ KUMAR,SASARAM(SC),147000000.0,22300943.0,24.0,24239519.0,30.0,0.16489468707482993,-1938576.0,1.25,0,0,0,9.5
West Bengal,MANOJ TIGGA,ALIPURDUARS(ST),147000000.0,0.0,0.0,0.0,0.0,0.0,0.0,0.0,1,0,1,82.5
Delhi,MANOJ TIWARI,NORTH EAST DELHI,225843858.0,1949850.0,2.0,0.0,0.0,0.0,1949850.0,0.0,0,0,1,91.4
Gujarat,MANSUKHBHAI DHANJIBHAI VASAVA,BHARUCH,147000000.0,0.0,0.0,22794525.0,69.0,0.15506479591836736,-22794525.0,0.0,0,1,0,13.5
Jammu And Kashmir,MIAN ALTAF AHMAD,ANANTNAG,147000000.0,0.0,0.0,0.0,0.0,0.0,0.0,0.0,1,0,1,82.5
Andhra Pradesh,MIDHUN REDDY,RAJAMPET,178951477.11,3453983.0,8.0,10293107.0,40.0,0.057518983169235934,-6839124.0,5.0,0,0,0,57.9
Bihar,MISHA BHARTI,PATALIPUTRA,147000000.0,0.0,0.0,0.0,0.0,0.0,0.0,0.0,1,0,1,82.5
Gujarat,MITESH RAMESHBHAI BAKABHAI PATEL,ANAND,147000000.0,671654.0,3.0,9647193.0,51.0,0.06562716326530613,-8975539.0,17.0,0,0,0,52.6
Ladakh,MOHAMED HANEEFA,LADAKH,161114542.0,0.0,0.0,0.0,0.0,0.0,0.0,0.0,1,0,1,84.5
Uttar Pradesh,MOHIBBULLAH,RAMPUR,147000000.0,2125692.0,4.0,27317030.0,87.0,0.18583013605442178,-25191338.0,21.75,0,0,0,7.2
Maharashtra,MOHITE PATIL DHAIRYASHEEL RAJSINH,MADHA,195613601.7,0.0,0.0,0.0,0.0,0.0,0.0,0.0,1,0,1,88.7
Bihar,MR GOPAL JEE THAKUR,DARBHANGA,147000000.0,0.0,0.0,8235842.0,16.0,0.05602613605442177,-8235842.0,0.0,0,1,1,57.9
West Bengal,MS MAHUA MOITRA,KRISHNANAGAR,159865046.0,35958802.0,21.0,9241106.0,15.0,0.057805669414438474,26717696.0,0.7142857142857143,0,0,0,50.4
Lakshadweep,MUHAMMED HAMDULLAH SAYEED,LAKSHADWEEP(ST),153942460.41,0.0,0.0,0.0,0.0,0.0,0.0,0.0,1,0,1,83.5
Uttar Pradesh,MUKESH RAJPUT,FARRUKHABAD,147000000.0,0.0,0.0,54832757.0,168.0,0.37301195238095236,-54832757.0,0.0,0,1,0,0.1
Gujarat,MUKESHKUMAR CHANDRAKAANT DALAL,SURAT,147000000.0,0.0,0.0,15771232.0,69.0,0.1072872925170068,-15771232.0,0.0,0,1,0,30.8
Rajasthan,MURARI LAL MEENA,DAUSA(ST),147000000.0,0.0,0.0,1019873.0,1.0,0.00693791156462585,-1019873.0,0.0,0,1,1,80.2
Tamil Nadu,MURASOLI S,THANJAVUR,147000000.0,43840042.0,27.0,48152737.0,31.0,0.3275696394557823,-4312695.0,1.1481481481481481,0,0,0,0.2
Maharashtra,MURLIDHAR MOHOL,PUNE,147000000.0,0.0,0.0,6999055.0,7.0,0.04761261904761905,-6999055.0,0.0,0,1,0,62.3
Odisha,NABA CHARAN MAJHI,MAYURBHANJ (ST),147563957.11,0.0,0.0,0.0,0.0,0.0,0.0,0.0,1,0,1,82.6
Jharkhand,NALIN SOREN,DUMKA(ST),147364097.11,7000000.0,19.0,14099598.0,44.0,0.09567865088248291,-7099598.0,2.3157894736842106,0,0,0,35.2
Uttar Pradesh,NARAYAN DAS AHIRWAR,JALAUN(SC),147000000.0,35864345.160000004,150.0,7313020.800000001,32.0,0.04974844081632654,28551324.360000003,0.21333333333333335,0,0,1,54.3
Maharashtra,NARAYAN TATU RANE,RATNAGIRI-SINDHUDURG,147000000.0,0.0,0.0,1989030.0,2.0,0.013530816326530613,-1989030.0,0.0,0,1,0,77.8
Uttar Pradesh,NARESH CHANDRA UTTAM PATEL,FATEHPUR,147000000.0,0.0,0.0,0.0,0.0,0.0,0.0,0.0,1,0,1,82.5
Maharashtra,NARESH GANPAT MHASKE,THANE,147000000.0,0.0,0.0,0.0,0.0,0.0,0.0,0.0,1,0,1,82.5
Haryana,NAVEEN JINDAL,KURUKSHETRA,147000000.0,0.0,0.0,15758261.0,60.0,0.1071990544217687,-15758261.0,0.0,0,1,0,30.9
Uttar Pradesh,NEERAJ MAURYA,AONLA,147000000.0,46470400.0,1.0,93026771.0,14.0,0.6328351768707483,-46556371.0,14.0,0,0,0,0.0
Maharashtra,NILESH DNYANDEV LANKE,AHMEDNAGAR,147000000.0,0.0,0.0,974340.0,1.0,0.006628163265306123,-974340.0,0.0,0,1,1,80.3
Gujarat,NIMUBEN JAYANTIBHAI BAMBHANIYA,BHAVNAGAR,147000000.0,0.0,0.0,5393339.0,17.0,0.03668938095238095,-5393339.0,0.0,0,1,1,67.8
Jharkhand,NISHIKANT DUBEY,GODDA,147000000.0,0.0,0.0,0.0,0.0,0.0,0.0,0.0,1,0,1,82.5
Maharashtra,NITIN JAIRAM GADKARI,NAGPUR,168195086.11,2835493.0,5.0,8088830.0,10.0,0.04809195195339943,-5253337.0,2.0,0,0,0,63.2
Bihar,NITYANAND RAI,UJJARPUR,147000000.0,0.0,0.0,0.0,0.0,0.0,0.0,0.0,1,0,1,82.5
Rajasthan,OM BIRLA,KOTA,163906956.6,7598095.0,9.0,4849300.0,6.0,0.029585687518036682,2748795.0,0.6666666666666666,0,0,1,72.0
Maharashtra,OMPRAKASH BHUPALSINH ALIAS PAWAN RAJENIMBALKAR,OSMANABAD,184758519.11,3848780.0,7.0,2991095.0,6.0,0.016189212894801276,857685.0,0.8571428571428571,0,0,0,81.3
Karnataka,P C MOHAN,BANGALORE CENTRAL,159995711.11,4739506.0,1.0,4739506.0,1.0,0.02962270655331193,0.0,1.0,0,0,1,71.9
Uttar Pradesh,PANKAJ CHOWDHARY,MAHARAJGANJ_UP,147000000.0,0.0,0.0,41543552.0,19.0,0.28260919727891154,-41543552.0,0.0,0,1,0,0.9
Assam,PARIMAL SUKLABAIDYA,SILCHAR,148300157.11,0.0,0.0,0.0,0.0,0.0,0.0,0.0,1,0,1,82.7
Gujarat,PARSHOTTAMBHAI RUPALA,RAJKOT,147000000.0,5786525.0,12.0,11999643.0,26.0,0.08163022448979591,-6213118.0,2.1666666666666665,0,0,0,42.8
West Bengal,PARTHA BHOWMICK,BARRACKPUR,147000000.0,700000.0,1.0,0.0,0.0,0.0,700000.0,0.0,0,0,1,82.4
Karnataka,PARVATAGOUDA CHANDANAGOUDA GADDIGOUDAR,BAGALKOT,167541747.11,0.0,0.0,16858332.0,34.0,0.10062167961595633,-16858332.0,0.0,0,1,0,32.0
The Dadra And Nagar Haveli And Daman And Diu,PATEL UMESHBHAI BABUBHAI,DAMAN and DIU,245063957.0,0.0,0.0,0.0,0.0,0.0,0.0,0.0,1,0,1,93.0
West Bengal,PATHAN YUSUF,BAHARAMPUR,147000000.0,0.0,0.0,2000000.0,1.0,0.013605442176870748,-2000000.0,0.0,0,1,1,77.8
Assam,PHANI BHUSAN CHOUDHURY,BARPETA,147000000.0,0.0,0.0,4400000.0,3.0,0.029931972789115645,-4400000.0,0.0,0,1,1,70.9
Maharashtra,PIYUSH VEDPRAKASH GOYAL,MUMBAI NORTH,147000000.0,28500000.0,14.0,0.0,0.0,0.0,28500000.0,0.0,0,0,1,79.0
Andhra Pradesh,PRABHAKAR REDDY VEMIREDDY,NELLORE(SC),147000000.0,0.0,0.0,23026206.0,43.0,0.15664085714285714,-23026206.0,0.0,0,1,0,13.1
Gujarat,PRABHUBHAI NAGARBHAI VASAVA,BARDOLI(ST),147000000.0,8042484.0,32.0,11580737.0,34.0,0.07878052380952381,-3538253.0,1.0625,0,0,0,43.9
Assam,PRADAN BARUAH,LAKHIMPUR,147000000.0,9400000.0,12.0,9289238.0,16.0,0.06319209523809524,110762.0,1.3333333333333333,0,0,0,52.2
Bihar,PRADEEP KUMAR SINGH,ARARIA,147000000.0,448127.0,1.0,82123127.0,34.0,0.5586607278911565,-81675000.0,34.0,0,0,0,0.0
Odisha,PRADEEP PUROHIT,BARGARH,147000000.0,0.0,0.0,0.0,0.0,0.0,0.0,0.0,1,0,1,82.5
Assam,PRADYUT BORDOLOI,NOWGONG,98000000.0,1800000.0,9.0,6130634.0,12.0,0.06255748979591837,-4330634.0,1.3333333333333333,0,0,0,52.6
Karnataka,PRALHAD VENKATESH JOSHI,DHARWAD,147000000.0,7820363.0,16.0,4820585.0,11.0,0.03279309523809524,2999778.0,0.6875,0,0,1,68.3
Maharashtra,PRANITI SUSHILKUMAR SHINDE,SOLAPUR(SC),147000000.0,499880.0,1.0,0.0,0.0,0.0,499880.0,0.0,0,0,1,82.4
West Bengal,PRASUN BANERJEE,HOWRAH,147000000.0,0.0,0.0,14608707.0,22.0,0.09937895918367347,-14608707.0,0.0,0,1,0,34.6
Odisha,PRATAP CHANDRA SARANGI,BALASORE,147064254.11,0.0,0.0,0.0,0.0,0.0,0.0,0.0,1,0,1,82.5
Maharashtra,PRATAPRAO JADHAV,BULDHANA,147000000.0,0.0,0.0,0.0,0.0,0.0,0.0,0.0,1,0,1,82.5
West Bengal,PRATIMA MONDAL,JOYNAGAR(SC),147000000.0,26288374.0,66.0,53395279.0,129.0,0.36323319047619046,-27106905.0,1.9545454545454546,0,0,0,0.1
Delhi,PRAVEEN KHANDELWAL,CHANDINI CHOWK,147470276.0,0.0,0.0,0.0,0.0,0.0,0.0,0.0,1,0,1,82.6
Uttar Pradesh,PRAVEEN PATEL,PHULPUR,151559884.09,0.0,0.0,5758272.0,6.0,0.03799337822520764,-5758272.0,0.0,0,1,1,67.6
Uttar Pradesh,PRIYA SAROJ,MACHHLISHAHR(SC),147000000.0,7780307.0,139.0,33365328.0,723.0,0.22697502040816325,-25585021.0,5.201438848920863,0,0,0,2.9
Kerala,PRIYANKA GANDHI VADRA,WAYANAD,122500000.0,0.0,0.0,1798176.0,1.0,0.014678987755102041,-1798176.0,0.0,0,1,0,73.6
Karnataka,PRIYANKA SATISH JARKIHOLI,CHIKKODI,147000000.0,0.0,0.0,5360772.0,3.0,0.03646783673469388,-5360772.0,0.0,0,1,0,67.9
West Bengal,PROF SOUGATA RAY,DUM DUM,147000000.0,0.0,0.0,1981589.0,4.0,0.013480197278911565,-1981589.0,0.0,0,1,1,77.8
Uttar Pradesh,PROF SP SINGH BAGHEL,AGRA(SC),147000000.0,46682728.0,40.0,48736151.0,40.0,0.33153844217687073,-2053423.0,1.0,0,0,0,0.2
Uttar Pradesh,PUSHPENDRA SAROJ,KAUSHAMBI(SC),147000000.0,16115886.0,218.0,15967886.0,216.0,0.10862507482993197,148000.0,0.9908256880733946,0,0,1,27.6
Andhra Pradesh,PUTTA MAHESH KUMAR,ELURU,147000000.0,24150000.0,51.0,14800000.0,37.0,0.10068027210884353,9350000.0,0.7254901960784313,0,0,0,29.8
Uttar Pradesh,R.K. CHAUDHARY,MOHANLALGANJ(SC),147000000.0,971865.0,9.0,1292580.0,12.0,0.008793061224489796,-320715.0,1.3333333333333333,0,0,1,79.4
Odisha,RABINDRA NARAYAN BEHERA,JAJPUR(SC),147064617.11,0.0,0.0,300000.0,1.0,0.0020399196346161824,-300000.0,0.0,0,1,0,81.9
West Bengal,RACHNA BANERJEE,HOOGHLY,147000000.0,19742891.0,23.0,6376731.0,15.0,0.04337912244897959,13366160.0,0.6521739130434783,0,0,1,60.8
Bihar,RADHA MOHAN SINGH,PURVI CHAMPARAN,147000000.0,15366486.0,11.0,30865067.0,27.0,0.20996644217687074,-15498581.0,2.4545454545454546,0,0,0,4.0
Karnataka,RADHAKRISHNA,GULBARGA(SC),147000000.0,0.0,0.0,0.0,0.0,0.0,0.0,0.0,1,0,1,82.5
Chhattisgarh,RADHE SHYAM RATHIYA,RAIGARH(ST),159706972.09,0.0,0.0,47038592.0,54.0,0.2945306105577673,-47038592.0,0.0,0,1,0,0.5
Uttar Pradesh,RAHUL GANDHI,RAE BARELI,147000000.0,4699998.0,9.0,1999998.0,4.0,0.013605428571428572,2700000.0,0.4444444444444444,0,0,1,77.1
Rajasthan,RAHUL KASWAN,CHURU,147000000.0,0.0,0.0,13562191.0,17.0,0.09225980272108844,-13562191.0,0.0,0,1,0,38.3
Madhya Pradesh,RAHUL SINGH LODHI,DAMOH,163058785.37,6280860.0,18.0,19814739.0,82.0,0.12151899055937386,-13533879.0,4.555555555555555,0,0,0,21.5
Bihar,RAJ BHUSHAN CHOUDHARY,MUZAFFARPUR,147000000.0,0.0,0.0,57826404.0,44.0,0.3933768979591837,-57826404.0,0.0,0,1,0,0.1
Rajasthan,RAJ KUMAR ROAT,BANSWARA(ST),147000000.0,17527940.0,16.0,17894981.0,19.0,0.12173456462585033,-367041.0,1.1875,0,0,0,22.0
Bihar,RAJA RAM SINGH,KARAKAT,147000000.0,0.0,0.0,16687895.0,30.0,0.11352309523809524,-16687895.0,0.0,0,1,0,28.0
Maharashtra,RAJABHAU,NASHIK,152878682.11,0.0,0.0,1940500.0,3.0,0.012693071219725469,-1940500.0,0.0,0,1,0,79.0
Himachal Pradesh,RAJEEV BHARDWAJ,KANGRA,179388967.11,0.0,0.0,23657522.0,129.0,0.13187835562648276,-23657522.0,0.0,0,1,0,16.2
Uttar Pradesh,RAJEEV RAI,GHOSI,147000000.0,0.0,0.0,25626069.0,83.0,0.174327,-25626069.0,0.0,0,1,0,9.3
Bihar,RAJESH RANJAN ALIAS PAPPU YADAV,PURNEA,147000000.0,36550000.0,40.0,40574818.0,44.0,0.27601917006802723,-4024818.0,1.1,0,0,0,0.8
Bihar,RAJESH VERMA,KHAGARIA,147000000.0,0.0,0.0,41367315.0,40.0,0.281410306122449,-41367315.0,0.0,0,1,0,1.0
Gujarat,RAJESHBHAI NARANBHAI CHUDASAMA,JUNAGADH,147000000.0,0.0,0.0,4891066.0,15.0,0.033272557823129253,-4891066.0,0.0,0,1,1,69.4
Bihar,RAJIV PRATAP RUDY,SARAN,147000000.0,0.0,0.0,0.0,0.0,0.0,0.0,0.0,1,0,1,82.5
Bihar,RAJIV RANJAN (LALAN) SINGH,MUNGER,147000000.0,0.0,0.0,0.0,0.0,0.0,0.0,0.0,1,0,1,82.5
Uttar Pradesh,RAJKUMAR CHAHAR,FATEHPUR SIKRI,147000000.0,37348334.0,17.0,58446548.0,29.0,0.39759556462585033,-21098214.0,1.7058823529411764,0,0,0,0.1
Uttar Pradesh,RAJNATH SINGH,LUCKNOW,154808797.11,0.0,0.0,27144116.0,31.0,0.17533962220966448,-27144116.0,0.0,0,1,0,8.1
Gujarat,RAJPALSINH MAHENDRASINH JADAV,PANCHMAHAL,147000000.0,0.0,0.0,3488990.0,14.0,0.023734625850340137,-3488990.0,0.0,0,1,1,73.7
West Bengal,RAJU BISTA,DARJEELING,147000000.0,42941398.0,86.0,19150525.0,41.0,0.13027568027210884,23790873.0,0.47674418604651164,0,0,0,16.0
Uttar Pradesh,RAKESH RATHOR,SITAPUR,147000000.0,19041868.0,15.0,32047044.0,21.0,0.21800710204081633,-13005176.0,1.4,0,0,0,3.2
Assam,RAKIBUL HUSSAIN,DHUBRI,147000000.0,10450000.0,22.0,5398462.0,9.0,0.03672423129251701,5051538.0,0.4090909090909091,0,0,0,65.9
Uttar Pradesh,RAM PRASAD CHAUDHARY,BASTI,204176957.11,0.0,0.0,45647722.0,30.0,0.22356941079990414,-45647722.0,0.0,0,1,0,0.9
Uttar Pradesh,RAM SHIROMANI,SHRAWASTI,151746878.11,0.0,0.0,0.0,0.0,0.0,0.0,0.0,1,0,1,83.2
Telangana,RAMASAHAYAM RAGHURAM REDDY,KHAMMAM,147000000.0,0.0,0.0,899493.0,2.0,0.006119,-899493.0,0.0,0,1,1,80.5
Uttar Pradesh,RAMASHANKAR RAJBHAR,SALEMPUR,160056927.07,32447445.0,77.0,22035181.0,53.0,0.13767089874443883,10412264.0,0.6883116883116883,0,0,1,13.4
Uttar Pradesh,RAMBHUAL NISHAD,SULTANPUR,151231957.11,9852234.0,1.0,39823767.0,4.0,0.2633290460628887,-29971533.0,4.0,0,0,0,1.2
Uttar Pradesh,RAMESH AWASTHI,KANPUR,147000000.0,3831541.0,1.0,12944903.0,10.0,0.08806056462585034,-9113362.0,10.0,0,0,1,39.7
Karnataka,RAMESH CHANDAPPA JIGAJINAGI,BIJAPUR(SC),269500000.0,0.0,0.0,0.0,0.0,0.0,0.0,0.0,1,0,1,94.5
Bihar,RAMPRIT MANDAL,JHANJHARPUR,147000000.0,39099471.0,37.0,32274791.0,36.0,0.21955640136054422,6824680.0,0.972972972972973,0,0,0,2.7
Delhi,RAMVIR SINGH BIDHURI,SOUTH DELHI,147559100.0,0.0,0.0,1522221.0,2.0,0.010316008975386811,-1522221.0,0.0,0,1,0,79.1
Assam,RANJIT DUTTA,Sonitpur,147000000.0,0.0,0.0,13587042.0,14.0,0.09242885714285715,-13587042.0,0.0,0,1,0,38.2
Haryana,RAO INDERJIT SINGH,GURGAON,147000000.0,3600000.0,3.0,5744320.0,5.0,0.03907700680272109,-2144320.0,1.6666666666666667,0,0,0,66.0
Rajasthan,RAO RAJENDRA SINGH,JAIPUR RURAL,147000000.0,0.0,0.0,0.0,0.0,0.0,0.0,0.0,1,0,1,82.5
Bihar,RAVI SHANKAR PRASAD,PATNA SAHIB,147000000.0,5144500.0,8.0,27157110.0,35.0,0.18474224489795918,-22012610.0,4.375,0,0,0,7.2
Maharashtra,RAVINDRA DATTARAM WAIKAR,MUMBAI NORTH WEST,147000000.0,32500000.0,17.0,0.0,0.0,0.0,32500000.0,0.0,0,0,1,78.4
Uttar Pradesh,RAVINDRA SHYAMNARAYAN ALIAS RAVI KISHAN SHUKLA,GORAKHPUR,147000000.0,0.0,0.0,0.0,0.0,0.0,0.0,0.0,1,0,1,82.5
Maharashtra,RAVINDRA VASANTRAO CHAVAN,NANDED,147000000.0,0.0,0.0,0.0,0.0,0.0,0.0,0.0,1,0,1,82.5
Mizoram,RICHARD VANLALHMANGAIHA,MIZORAM (ST),147000000.0,12500000.0,27.0,47147115.0,104.0,0.32072867346938777,-34647115.0,3.8518518518518516,0,0,1,0.4
Tamil Nadu,ROBERT BRUCE C,TIRUNELVELI,147475440.11,0.0,0.0,14814628.0,28.0,0.10045488244652778,-14814628.0,0.0,0,1,0,34.1
Madhya Pradesh,RODMAL NAGAR,RAJGARH,147000000.0,45840547.0,99.0,31047229.0,30.0,0.2112056394557823,14793318.0,0.30303030303030304,0,0,0,3.1
Chhattisgarh,ROOP KUMARI CHOUDHARY,MAHASAMUND,153035414.0,500000.0,1.0,35652229.0,64.0,0.23296718104738814,-35152229.0,64.0,0,0,0,2.4
Uttar Pradesh,RUCHI VIRA,MORADABAD,147000000.0,0.0,0.0,22985124.0,114.0,0.15636138775510203,-22985124.0,0.0,0,1,0,13.2
Odisha,RUDRA NARAYAN PANY,DHENKANAL,155013957.11,0.0,0.0,0.0,0.0,0.0,0.0,0.0,1,0,1,83.7
Nagaland,S SUPONGMEREN JAMIR,NAGALAND,147000000.0,49000000.0,23.0,88600000.0,38.0,0.6027210884353742,-39600000.0,1.6521739130434783,0,0,1,0.0
Tamil Nadu,S VENKATESAN,MADURAI,147000000.0,2500000.0,1.0,2500000.0,1.0,0.017006802721088437,0.0,1.0,0,0,1,76.1
Tamil Nadu,S. JAGATHRAKSHAKAN,ARAKKONAM,180589332.34,1996264.0,2.0,13544478.0,14.0,0.07500153981686734,-11548214.0,7.0,0,0,1,46.6
Tamil Nadu,SACHITHANANTHAM R,DINDIGUL,147000000.0,29545582.0,21.0,23691530.0,15.0,0.16116687074829933,5854052.0,0.7142857142857143,0,0,0,9.7
Karnataka,SAGAR ESHWAR KHANDRE,BIDAR,147000000.0,0.0,0.0,0.0,0.0,0.0,0.0,0.0,1,0,1,82.5
Meghalaya,SALENG A SANGMA,TURA,147000000.0,1000000.0,1.0,28900000.0,62.0,0.19659863945578232,-27900000.0,62.0,0,0,0,5.8
Odisha,SAMBIT PATRA,PURI,147000000.0,0.0,0.0,2240000.0,56.0,0.015238095238095238,-2240000.0,0.0,0,1,0,77.1
Uttar Pradesh,SANATAN PANDEY,BALLIA,180420041.4,0.0,0.0,15062026.0,21.0,0.08348310909987408,-15062026.0,0.0,0,1,1,41.3
Maharashtra,SANJAY DINA PATIL,MUMBAI NORTH EAST,147000000.0,0.0,0.0,0.0,0.0,0.0,0.0,0.0,1,0,1,82.5
Maharashtra,SANJAY HARIBHAU JADHAV,PARBHANI,147000000.0,35163301.0,40.0,17771535.0,21.0,0.12089479591836735,17391766.0,0.525,0,0,0,20.0
Bihar,SANJAY JAISWAL,PASCHIM CHAMPARAN,147000000.0,0.0,0.0,0.0,0.0,0.0,0.0,0.0,1,0,1,82.5
Telangana,SANJAY KUMAR BANDI,KARIMNAGAR,172775317.11,0.0,0.0,7160006.0,44.0,0.04144113939285363,-7160006.0,0.0,0,1,0,67.9
Jharkhand,SANJAY SETH,RANCHI,147064357.11,42192700.0,60.0,28851300.0,48.0,0.19618145801582662,13341400.0,0.8,0,0,0,4.3
Maharashtra,SANJAY UTTAMRAO DESHMUKH,YAVATMAL-WASHIM,185640423.0,0.0,0.0,2471371.0,2.0,0.013312677056332715,-2471371.0,0.0,0,1,0,83.0
Rajasthan,SANJNA JATAV,BHARATPUR(SC),147000000.0,37257287.1,81.0,29364786.1,59.0,0.19976044965986395,7892501.0,0.7283950617283951,0,0,0,4.2
Chhattisgarh,SANTOSH PANDEY,RAJNANDGAON,147000000.0,2499475.0,1.0,8739363.0,17.0,0.059451448979591835,-6239888.0,17.0,0,0,1,55.6
Odisha,SAPTAGIRI SANKAR ULAKA,KORAPUT(ST),269500000.0,0.0,0.0,5912424.0,21.0,0.021938493506493507,-5912424.0,0.0,0,1,0,87.6
Punjab,SARABJEET SINGH KHALSA,FARIDKOT(SC),150850348.15,29955265.0,115.0,36882087.0,165.0,0.24449454344862245,-6926822.0,1.434782608695652,0,0,0,1.5
Tamil Nadu,SASIKANTH SENTHIL,TIRUVALLUR(SC),171500000.0,4830684.0,3.0,21878615.0,35.0,0.12757209912536444,-17047931.0,11.666666666666666,0,0,0,18.2
Haryana,SATPAL BRAHAMCHARI,SONEPAT,147000000.0,1344000.0,3.0,694399.0,1.0,0.0047238027210884355,649601.0,0.3333333333333333,0,0,1,80.8
West Bengal,SAUMITRA KHAN,BISHNUPUR(SC),147000000.0,29176583.0,31.0,9673950.0,11.0,0.06580918367346938,19502633.0,0.3548387096774194,0,0,0,46.8
Madhya Pradesh,SAVITRI THAKUR,DHAR(ST),147000000.0,0.0,0.0,50465771.0,155.0,0.34330456462585035,-50465771.0,0.0,0,1,0,0.2
West Bengal,SAYANI GHOSH,JADAVPUR,147000000.0,0.0,0.0,14193115.0,75.0,0.09655180272108843,-14193115.0,0.0,0,1,0,36.1
Haryana,SELJA,SIRSA(SC),147000000.0,0.0,0.0,675000.0,2.0,0.004591836734693878,-675000.0,0.0,0,1,1,81.0
Tamil Nadu,SELVAGANAPATHI T M,SALEM,147000000.0,0.0,0.0,0.0,0.0,0.0,0.0,0.0,1,0,1,82.5
Tamil Nadu,SELVARAJ V,NAGAPATTINAM(SC),147000000.0,0.0,0.0,4699184.0,6.0,0.0319672380952381,-4699184.0,0.0,0,1,1,70.0
Kerala,SHAFI PARAMBIL,VADAKARA,147000000.0,0.0,0.0,0.0,0.0,0.0,0.0,0.0,1,0,1,82.5
Bihar,SHAMBHAVI,SAMASTIPUR(SC),147000000.0,0.0,0.0,0.0,0.0,0.0,0.0,0.0,1,0,1,82.5
Madhya Pradesh,SHANKAR LALWANI,INDORE,147000000.0,0.0,0.0,29869768.0,83.0,0.2031957006802721,-29869768.0,0.0,0,1,0,5.1
Uttar Pradesh,SHASHANK MANI,DEORIA,147000000.0,26886966.0,26.0,35577712.0,33.0,0.24202525170068026,-8690746.0,1.2692307692307692,0,0,0,1.8
West Bengal,SHATRUGHAN SINHA,ASANSOL,147000000.0,0.0,0.0,0.0,0.0,0.0,0.0,0.0,1,0,1,82.5
Punjab,SHER SINGH GHUBAYA,FIROZPUR,147000000.0,12843812.0,55.0,78168870.0,320.0,0.5317610204081633,-65325058.0,5.818181818181818,0,0,0,0.0
Madhya Pradesh,SHIVMANGAL SINGH TOMAR,MORENA,147000000.0,16400000.0,21.0,7818529.0,28.0,0.05318727210884354,8581471.0,1.3333333333333333,0,0,1,56.2
Madhya Pradesh,SHIVRAJ SINGH CHOUHAN,VIDISHA,147000000.0,0.0,0.0,5193125.0,9.0,0.03532738095238095,-5193125.0,0.0,0,1,1,68.4
Karnataka,SHOBHA KARANDLAJE,BANGALORE NORTH,147000000.0,0.0,0.0,10169347.0,11.0,0.069179231292517,-10169347.0,0.0,0,1,0,50.7
Gujarat,SHOBHANABEN MAHENDRASINH BARAIYA,SABARKANTHA,147000000.0,4196000.0,7.0,20011595.0,57.0,0.1361332993197279,-15815595.0,8.142857142857142,0,0,0,18.6
Karnataka,SHREYAS. M. PATEL,HASSAN,147000000.0,0.0,0.0,0.0,0.0,0.0,0.0,0.0,1,0,1,82.5
Haryana,DHARAMBIR SINGH,BHIWANI MAHENDRAGARH,147000000.0,0.0,0.0,9270917.0,18.0,0.06306746258503401,-9270917.0,0.0,0,1,0,54.1
West Bengal,ABHISHEK BANERJEE,DIAMOND HARBOUR,147000000.0,46418634.0,150.0,38907284.0,147.0,0.26467540136054424,7511350.0,0.98,0,0,0,1.0
Punjab,AMAR SINGH,FATEHGARH SAHIB(SC),147000000.0,0.0,0.0,3996215.0,8.0,0.027185136054421768,-3996215.0,0.0,0,1,1,72.2
Gujarat,AMIT SHAH,GANDHINAGAR,147000000.0,0.0,0.0,0.0,0.0,0.0,0.0,0.0,1,0,1,82.5
Madhya Pradesh,ANIL FIROJIYA,UJJAIN(SC),147000000.0,2400000.0,24.0,27230468.0,112.0,0.18524127891156464,-24830468.0,4.666666666666667,0,0,0,7.3
Rajasthan,ARJUN RAM MEGHWAL,BIKANER(SC),147000000.0,15700000.0,15.0,7386231.0,5.0,0.0502464693877551,8313769.0,0.3333333333333333,0,0,1,57.9
Uttar Pradesh,ARUN KUMAR SAGAR,SHAHJAHANPUR(SC),147000000.0,47808000.0,2.0,97143000.0,4.0,0.6608367346938776,-49335000.0,2.0,0,0,0,0.0
Karnataka,B Y RAGHAVENDRA,SHIMOGA,147000000.0,0.0,0.0,12594068.0,26.0,0.08567393197278912,-12594068.0,0.0,0,1,0,41.7
Kerala,BENNY BEHANAN,CHALAKUDY,164674770.11,2257000.0,1.0,2955738.0,2.0,0.017948942622027748,-698738.0,2.0,0,0,0,78.2
Odisha,BHARTRUHARI MAHTAB,CUTTACK,147000000.0,0.0,0.0,2098000.0,13.0,0.014272108843537416,-2098000.0,0.0,0,1,0,77.5
Jharkhand,CHANDRA PRAKASH CHOUDHARY,GIRIDIH,147000000.0,38736462.0,451.0,1347332.0,6.0,0.00916552380952381,37389130.0,0.013303769401330377,0,0,0,73.9
West Bengal,DEEPAK (DEV) ADHIKARI,GHATAL,200747364.0,0.0,0.0,19950653.0,21.0,0.09938189275551335,-19950653.0,0.0,0,1,0,29.6
Punjab,GURJEET SINGH AUJLA,AMRITSAR,147000000.0,1700000.0,2.0,24169386.0,57.0,0.16441759183673468,-22469386.0,28.5,0,0,0,11.1
Rajasthan,HANUMAN BENIWAL,NAGAUR,147000000.0,42252197.0,156.0,35806197.0,138.0,0.24357957142857142,6446000.0,0.8846153846153846,0,0,0,1.6
Kerala,HIBI EDEN,ERNAKULAM,162177260.11,20252776.0,16.0,0.0,0.0,0.0,20252776.0,0.0,0,0,1,82.5
Bihar,JANARDAN SINGH SIGRIWAL,MAHARAJGANJ_BR,147000000.0,0.0,0.0,12000000.0,6.0,0.08163265306122448,-12000000.0,0.0,0,1,0,43.9
Odisha,JUAL ORAM,SUNDARGARH (ST),173096756.91,38488256.0,64.0,24279562.0,45.0,0.1402658399465215,14208694.0,0.703125,0,0,0,10.8
Jammu And Kashmir,JUGAL KISHORE SHARMA,JAMMU,147000000.0,0.0,0.0,1489825.0,2.0,0.010134863945578231,-1489825.0,0.0,0,1,1,79.0
West Bengal,JYOTIRMAY SINGH MAHATO,PURULIA,147000000.0,0.0,0.0,0.0,0.0,0.0,0.0,0.0,1,0,1,82.5
Tamil Nadu,KARTI P CHIDAMBARAM,SIVAGANGA,159049284.11,3248415.0,9.0,13421119.0,28.0,0.08438339773172336,-10172704.0,3.111111111111111,0,0,1,41.2
Kerala,KUMBAKUDI SUDHAKARAN,KANNUR,147000000.0,9803780.0,25.0,6951678.0,14.0,0.04729032653061224,2852102.0,0.56,0,0,0,60.6
Karnataka,LS TEJASVI SURYA,BANGALORE SOUTH,147000000.0,4394326.0,6.0,6395755.0,10.0,0.043508537414965985,-2001429.0,1.6666666666666667,0,0,0,63.6
Kerala,M K RAGHAVAN,KOZHIKODE,147000000.0,0.0,0.0,0.0,0.0,0.0,0.0,0.0,1,0,1,82.5
Uttar Pradesh,NARENDRA MODI,VARANASI,162070276.11,0.0,0.0,16822541.0,43.0,0.10379781785885425,-16822541.0,0.0,0,1,1,30.9
Kerala,NK PREMACHANDRAN,KOLLAM,171477994.11,24901354.34,18.0,12116919.0,15.0,0.07066165581705613,12784435.34,0.8333333333333334,0,0,0,45.0
Rajasthan,PP CHAUDHARY,PALI,147000000.0,2257000.0,1.0,2340626.0,4.0,0.015922625850340134,-83626.0,4.0,0,0,1,76.5
Kerala,RAJMOHAN UNNITHAN,KASARAGOD,156754633.11,900000.0,2.0,1498323.0,5.0,0.009558396905235817,-598323.0,2.5,0,0,1,80.6
Assam,SARBANANDA SONOWAL (18LS),DIBRUGARH,147000000.0,0.0,0.0,0.0,0.0,0.0,0.0,0.0,1,0,1,82.5
Uttar Pradesh,SATISH KUMAR GAUTAM,ALIGARH,147000000.0,0.0,0.0,20758470.0,17.0,0.14121408163265306,-20758470.0,0.0,0,1,1,17.4
West Bengal,SHANTANU THAKUR,BANGAON(SC),147000000.0,0.0,0.0,5993836.0,8.0,0.040774394557823126,-5993836.0,0.0,0,1,1,65.8
Madhya Pradesh,SUDHEER GUPTA,MANDSOUR,148988014.83,6794092.0,56.0,7694846.0,56.0,0.051647416127935254,-900754.0,1.0,0,0,1,59.1
Kerala,SURESH KODIKUNNIL,MAVELIKKARA(SC),172429519.11,11070354.0,7.0,5843797.0,12.0,0.03389093137974825,5226557.0,1.7142857142857142,0,0,0,70.2
Arunachal Pradesh,TAPIR GAO,ARUNACHAL EAST,147000000.0,43995613.0,41.0,45390758.0,44.0,0.30878066666666665,-1395145.0,1.0731707317073171,0,0,0,0.4
Tamil Nadu,VIJAYAKUMAR VASANTH,KANNIYAKUMARI,171500000.0,12850000.0,11.0,10248099.0,12.0,0.05975567930029155,2601901.0,1.0909090909090908,0,0,1,54.3
Maharashtra,KANT EKNATH SHINDE,KALYAN,147000000.0,0.0,0.0,0.0,0.0,0.0,0.0,0.0,1,0,1,82.5
Maharashtra,SHRIMANT CHH UDAYANRAJE PRATAPSINHAMAHARAJ BHONSLE,SATARA,147000000.0,0.0,0.0,1000000.0,1.0,0.006802721088435374,-1000000.0,0.0,0,1,0,80.2
Goa,PAD YESSO NAIK,NORTH GOA,147000000.0,2500000.0,1.0,0.0,0.0,0.0,2500000.0,0.0,0,0,1,82.2
Maharashtra,RANG APPA BARNE,MAVAL,147000000.0,7972256.0,8.0,6976030.0,7.0,0.04745598639455782,996226.0,0.875,0,0,0,60.9
Maharashtra,SHYAMKUMAR,RAMTEK(SC),147000000.0,0.0,0.0,0.0,0.0,0.0,0.0,0.0,1,0,1,82.5
Andhra Pradesh,SIVANATH KESINENI,VIJAYAWADA,147000000.0,0.0,0.0,0.0,0.0,0.0,0.0,0.0,1,0,1,82.5
West Bengal,SK NURUL ISLAM,BASIRHAT,49000000.0,35118648.0,18.0,11095739.0,5.0,0.2264436530612245,24022909.0,0.2777777777777778,0,0,0,19.4
Maharashtra,SMITA UDAY WAGH,JALGAON,148107373.11,12041109.0,8.0,9341109.0,6.0,0.0630698445583956,2700000.0,0.75,0,0,0,51.7
Uttar Pradesh,ANUPRIYA PATEL,MIRZAPUR,147000000.0,0.0,0.0,0.0,0.0,0.0,0.0,0.0,1,0,1,82.5
Odisha,APARAJITA SARANGI,BHUBANESWAR,147420861.41,0.0,0.0,2700000.0,7.0,0.018314911296650794,-2700000.0,0.0,0,1,0,76.0
Uttar Pradesh,DIMPLE YADAV,MAINPURI,192042469.11,0.0,0.0,4889341.0,7.0,0.025459686196803864,-4889341.0,0.0,0,1,1,78.5
Punjab,HARSIMRAT KAUR BADAL,BHATINDA,159775982.39,11239211.0,42.0,24019674.0,71.0,0.15033344587029332,-12780463.0,1.6904761904761905,0,0,0,12.0
Uttar Pradesh,HEMA MALINI,MATHURA,147000000.0,0.0,0.0,20233607.0,16.0,0.1376435850340136,-20233607.0,0.0,0,1,1,18.6
Madhya Pradesh,HIMADRI SINGH,SHAHDOL (ST),150724861.11,4994040.0,4.0,18911905.0,33.0,0.12547302986862907,-13917865.0,8.25,0,0,0,21.8
Gujarat,POONAMBEN HEMATBHAI MAADAM,JAMNAGAR,147000000.0,0.0,0.0,1195647.0,3.0,0.00813365306122449,-1195647.0,0.0,0,1,1,79.8
Maharashtra,RAKSHA NIKHIL KHADSE,RAVER,153112586.11,2999928.0,1.0,2974718.0,1.0,0.019428304854461058,25210.0,1.0,0,0,0,75.9
Tamil Nadu,S JOTHIMANI,KARUR,147000000.0,0.0,0.0,6792535.0,19.0,0.04620772108843538,-6792535.0,0.0,0,1,1,63.1
West Bengal,SAJDA AHMED,ULUBERIA,147000000.0,4827609.0,12.0,19039415.0,53.0,0.12951982993197278,-14211806.0,4.416666666666667,0,0,0,20.8
Madhya Pradesh,SANDHYA RAY,BHIND(SC),147000000.0,0.0,0.0,4590892.0,23.0,0.03123055782312925,-4590892.0,0.0,0,1,1,70.3
Odisha,SANGEETA KUMARI SINGH DEO,BOLANGIR,147000000.0,0.0,0.0,0.0,0.0,0.0,0.0,0.0,1,0,1,82.5
West Bengal,SATABDI ROY (BANERJEE),BIRBHUM,147000000.0,10940960.0,16.0,25952327.6,33.0,0.1765464462585034,-15011367.600000001,2.0625,0,0,0,8.2
Maharashtra,SUPRIYA SADANAND SULE,BARAMATI,147000000.0,0.0,0.0,498057.0,1.0,0.003388142857142857,-498057.0,0.0,0,1,1,81.4
Bihar,VEENA DEVI,VAISHALI,147000000.0,30000000.0,6.0,81511000.0,26.0,0.5544965986394558,-51511000.0,4.333333333333333,0,0,0,0.0
Andhra Pradesh,SRIBHARAT MATHUKUMLI,VISAKHAPATNAM,164841922.0,0.0,0.0,0.0,0.0,0.0,0.0,0.0,1,0,1,85.1
Bihar,SUDAMA PRASAD,ARRAH,147000000.0,0.0,0.0,0.0,0.0,0.0,0.0,0.0,1,0,1,82.5
Tamil Nadu,SUDHA R,MAYILADUTHURAI,147332315.11,0.0,0.0,2198591.0,4.0,0.014922666479234419,-2198591.0,0.0,0,1,1,77.3
Bihar,SUDHAKAR SINGH,BUXAR,185211956.54,29551583.0,36.0,45875810.0,52.0,0.2476935661013454,-16324227.0,1.4444444444444444,0,0,0,0.6
West Bengal,SUDIP BANDYOPADHYAY,KOLKATA UTTAR,147000000.0,0.0,0.0,5891964.0,7.0,0.04008138775510204,-5891964.0,0.0,0,1,1,66.1
Odisha,SUKANTA KUMAR PANIGRAHI,KANDHAMAL,190712424.11,0.0,0.0,16400000.0,34.0,0.08599334876337543,-16400000.0,0.0,0,1,0,39.1
Jharkhand,SUKHDEO BHAGAT,LOHARDAGA(ST),171821957.11,0.0,0.0,36522370.0,46.0,0.21255938771910546,-36522370.0,0.0,0,1,0,2.5
Punjab,SUKHJINDER SINGH RANDHAWA,GURDASPUR,147000000.0,0.0,0.0,7083012.0,15.0,0.048183755102040815,-7083012.0,0.0,0,1,1,62.0
Karnataka,SUNIL BOSE,CHAMARAJANAGAR(SC),147000000.0,0.0,0.0,6000000.0,3.0,0.04081632653061224,-6000000.0,0.0,0,1,0,65.8
Maharashtra,SUNIL DATTATRAY TATKARE,RAIGAD,147000000.0,0.0,0.0,17629144.0,13.0,0.11992614965986395,-17629144.0,0.0,0,1,0,25.2
Bihar,SUNIL KUMAR,VALMIKI NAGAR,147000000.0,0.0,0.0,11398656.0,15.0,0.0775418775510204,-11398656.0,0.0,0,1,1,46.1
Bihar,SURENDRA PRASAD YADAV,JAHANABAD,155325714.0,0.0,0.0,0.0,0.0,0.0,0.0,0.0,1,0,1,83.7
Kerala,SURESH GOPI,THRISSUR,147000000.0,0.0,0.0,0.0,0.0,0.0,0.0,0.0,1,0,1,82.5
Himachal Pradesh,SURESH KUMAR KASHYAP,SHIMLA (SC),153563957.11,5350000.0,20.0,10670000.0,45.0,0.06948245018430288,-5320000.0,2.25,0,0,0,49.5
Telangana,SURESH KUMAR SHETKAR,ZAHIRABAD,147000000.0,0.0,0.0,0.0,0.0,0.0,0.0,0.0,1,0,1,82.5
Uttar Pradesh,SWAMI SACHCHIDANANDHARI SAKSHI JI MAHARAJ,UNNAO,147000000.0,8776638.0,9.0,13774167.0,10.0,0.09370181632653062,-4997529.0,1.1111111111111112,0,0,1,35.9
Tamil Nadu,T SUMATHY (A) THAMIZHACHI THANGAPANDIAN,CHENNAI SOUTH,147000000.0,0.0,0.0,0.0,0.0,0.0,0.0,0.0,1,0,1,82.5
Andhra Pradesh,TANGELLA UDAY SRINIVAS,KAKINADA,199417886.76,0.0,0.0,5958963.0,1.0,0.029881787921921112,-5958963.0,0.0,0,1,1,77.1
Uttar Pradesh,TANUJ PUNIA,BARABANKI(SC),148198170.11,0.0,0.0,26717614.0,5.0,0.1802830222543832,-26717614.0,0.0,0,1,0,8.1
Bihar,TARIQ ANWAR,KATIHAR,147000000.0,0.0,0.0,5820000.0,6.0,0.03959183673469388,-5820000.0,0.0,0,1,1,66.4
Tamil Nadu,THALIKKOTTAI RAJUTHEVAR BAALU,SRIPERUMBUDUR,196905535.11,0.0,0.0,14647004.0,5.0,0.07438594345160254,-14647004.0,0.0,0,1,1,47.2
Tamil Nadu,THANGA TAMILSELVAN,THENI,147000000.0,0.0,0.0,5197519.0,4.0,0.03535727210884354,-5197519.0,0.0,0,1,1,68.4
Tamil Nadu,THARANIVENTHAN M S,ARANI,168337124.35,32645938.0,50.0,46857301.0,95.0,0.2783539351817376,-14211363.0,1.9,0,0,0,0.4
Tamil Nadu,THIRU DAYANIDHI MARAN,CHENNAI CENTRAL,147000000.0,10000000.0,1.0,977964.0,1.0,0.006652816326530612,9022036.0,1.0,0,0,1,79.0
Tamil Nadu,THIRUMAA VALAVAN THOL,CHIDAMBARAM(SC),147000000.0,0.0,0.0,23177741.0,25.0,0.1576717074829932,-23177741.0,0.0,0,1,0,12.8
Chhattisgarh,TOKHAN SAHU,BILASPUR,147000000.0,0.0,0.0,18368470.0,32.0,0.12495557823129251,-18368470.0,0.0,0,1,1,23.2
Uttarakhand,TRIVENDRA SINGH RAWAT,HARDWAR,147000000.0,0.0,0.0,0.0,0.0,0.0,0.0,0.0,1,0,1,82.5
Uttar Pradesh,UJJWAL RAMAN SINGH,ALLAHABAD,147000000.0,0.0,0.0,0.0,0.0,0.0,0.0,0.0,1,0,1,82.5
Rajasthan,UMMEDA RAM BENIWAL,BARMER,147000000.0,0.0,0.0,13568050.0,32.0,0.09229965986394557,-13568050.0,0.0,0,1,0,38.2
Uttar Pradesh,UTKARSH VERMA MADHUR,KHERI,147000000.0,0.0,0.0,39176777.0,196.0,0.26650868707482994,-39176777.0,0.0,0,1,0,1.3
Tamil Nadu,V S MATHESWARAN,NAMAKKAL,162539930.11,4990000.0,3.0,22693967.0,34.0,0.13962087337334095,-17703967.0,11.333333333333334,0,0,0,15.2
Karnataka,V. SOMANNA,TUMKUR,147000000.0,0.0,0.0,2500000.0,1.0,0.017006802721088437,-2500000.0,0.0,0,1,1,76.4
Puducherry,VAITHILINGAM VE,Puducherry,209368972.11,6334000.0,3.0,10557830.0,7.0,0.05042690850319998,-4223830.0,2.3333333333333335,0,0,1,64.1
Telangana,VAMSI KRISHNA GADDAM,PEDDAPALLE,148451721.11,0.0,0.0,694746.0,2.0,0.004679945741317515,-694746.0,0.0,0,1,1,81.2
Haryana,VARUN CHAUDHRY,AMBALA (SC),255454264.0,0.0,0.0,0.0,0.0,0.0,0.0,0.0,1,0,1,93.7
Kerala,VELLALATH KOCHUKRISHNAN NAIR SREEKANDAN,PALAKKAD,147000000.0,0.0,0.0,0.0,0.0,0.0,0.0,0.0,1,0,1,82.5
Chhattisgarh,VIJAY BAGHEL,DURG,147000000.0,1000000.0,1.0,11484337.0,18.0,0.07812474149659863,-10484337.0,18.0,0,0,1,45.6
Uttar Pradesh,VIJAY KUMAR DUBEY,KUSHI NAGAR,148900000.0,13231564.0,56.0,24729918.0,79.0,0.16608406984553392,-11498354.0,1.4107142857142858,0,0,0,9.7
Jharkhand,VIJAY KUMAR HANSDAK,RAJMAHAL(ST),147223957.11,0.0,0.0,0.0,0.0,0.0,0.0,0.0,1,0,1,82.5
Bihar,VIJAYLAKSHMI DEVI,SIWAN,147000000.0,5770242.0,5.0,54657016.0,59.0,0.37181643537414966,-48886774.0,11.8,0,0,0,0.1
Gujarat,VINOD CHAVDA,KACHCHH(SC),147000000.0,2461849.0,5.0,3007280.0,7.0,0.020457687074829933,-545431.0,1.4,0,0,1,74.7
Uttar Pradesh,VINOD KUMAR BIND,BHADOHI,147000000.0,14884883.0,125.0,34025338.0,286.0,0.2314648843537415,-19140455.0,2.288,0,0,0,2.5
Madhya Pradesh,VIRENDRA KUMAR,TIKAMGARH(SC),147000000.0,0.0,0.0,2884039.0,6.0,0.01961931292517007,-2884039.0,0.0,0,1,1,75.4
Uttar Pradesh,VIRENDRA SINGH,CHANDAULI,147000000.0,0.0,0.0,44669756.0,6.0,0.3038758911564626,-44669756.0,0.0,0,1,0,0.6
Maharashtra,VISHAL,SANGLI,147000000.0,0.0,0.0,987448.0,1.0,0.006717333333333333,-987448.0,0.0,0,1,1,80.3
Jharkhand,VISHNU DAYAL RAM,PALAMU(SC),158176083.11,0.0,0.0,12787887.0,29.0,0.08084589495813314,-12787887.0,0.0,0,1,0,43.9
Madhya Pradesh,VISHNU DUTT SHARMA,KHAJURAHO,147000000.0,0.0,0.0,4909947.0,3.0,0.033401,-4909947.0,0.0,0,1,1,69.3
Karnataka,VISHWESHWAR HEGDE KAGERI,UTTARA KANNADA,147000000.0,0.0,0.0,18400000.0,27.0,0.1251700680272109,-18400000.0,0.0,0,1,0,23.1
Bihar,VIVEK THAKUR,NAWADA,147000000.0,0.0,0.0,0.0,0.0,0.0,0.0,0.0,1,0,1,82.5
Andhra Pradesh,Y S AVINASH REDDY,KADAPA,156430260.11,12233037.0,24.0,14864722.0,21.0,0.09502459427956773,-2631685.0,0.875,0,0,0,33.8
Karnataka,YADUVEER KRISHNADATTA CHAMARAJA WADIYAR,MYSORE,147000000.0,0.0,0.0,12100000.0,18.0,0.08231292517006802,-12100000.0,0.0,0,1,0,43.6
Delhi,YOGENDRA CHANDOLIYA,NORTH WEST DELHI(SC),147876307.0,0.0,0.0,0.0,0.0,0.0,0.0,0.0,1,0,1,82.6
Uttar Pradesh,ZIA UR REHMAN,SAMBHAL,147000000.0,0.0,0.0,0.0,0.0,0.0,0.0,0.0,1,0,1,82.5
